timestamp,value,anomaly_score,label,S(t)_standard,S(t)_reward_low_FP_rate,S(t)_reward_low_FN_rate
2015-09-08 11:39:00,73,0.001,0,-0.11,-0.22,-0.11
2015-09-08 11:44:00,62,0.001,0,-0.11,-0.22,-0.11
2015-09-08 11:59:00,66,0.001,0,-0.11,-0.22,-0.11
2015-09-08 12:19:00,69,0.001,0,-0.11,-0.22,-0.11
2015-09-08 12:24:00,65,0.001,0,-0.11,-0.22,-0.11
2015-09-08 12:27:00,76,0.001,0,-0.11,-0.22,-0.11
2015-09-08 12:32:00,65,0.001,0,-0.11,-0.22,-0.11
2015-09-08 12:46:00,62,0.001,0,-0.11,-0.22,-0.11
2015-09-08 12:51:00,61,0.001,0,-0.11,-0.22,-0.11
2015-09-08 13:01:00,65,0.001,0,-0.11,-0.22,-0.11
2015-09-08 13:21:00,68,0.001,0,-0.11,-0.22,-0.11
2015-09-08 13:26:00,66,0.001,0,-0.11,-0.22,-0.11
2015-09-08 13:31:00,67,0.001,0,-0.11,-0.22,-0.11
2015-09-08 13:36:00,65,0.001,0,-0.11,-0.22,-0.11
2015-09-08 13:41:00,67,0.001,0,-0.11,-0.22,-0.11
2015-09-08 13:46:00,67,0.001,0,-0.11,-0.22,-0.11
2015-09-08 13:56:00,69,0.001,0,-0.11,-0.22,-0.11
2015-09-08 14:11:00,68,0.001,0,-0.11,-0.22,-0.11
2015-09-08 14:16:00,68,0.001,0,-0.11,-0.22,-0.11
2015-09-08 14:21:00,67,0.001,0,-0.11,-0.22,-0.11
2015-09-08 14:46:00,66,0.001,0,-0.11,-0.22,-0.11
2015-09-08 14:51:00,68,0.001,0,-0.11,-0.22,-0.11
2015-09-08 15:16:00,69,0.001,0,-0.11,-0.22,-0.11
2015-09-08 15:21:00,65,0.001,0,-0.11,-0.22,-0.11
2015-09-08 15:26:00,70,0.001,0,-0.11,-0.22,-0.11
2015-09-08 15:29:00,66,0.001,0,-0.11,-0.22,-0.11
2015-09-08 15:41:00,65,0.001,0,-0.11,-0.22,-0.11
2015-09-08 16:15:00,64,0.001,0,-0.11,-0.22,-0.11
2015-09-08 16:31:00,66,0.001,0,-0.11,-0.22,-0.11
2015-09-08 16:36:00,69,0.001,0,-0.11,-0.22,-0.11
2015-09-08 16:41:00,64,0.001,0,-0.11,-0.22,-0.11
2015-09-08 16:56:00,69,0.001,0,-0.11,-0.22,-0.11
2015-09-08 17:11:00,65,0.0009062003011653,0,-0.11,-0.22,-0.11
2015-09-08 17:16:00,68,0.0005847242107988,0,-0.11,-0.22,-0.11
2015-09-08 17:21:00,67,0.0003456881341753,0,-0.11,-0.22,-0.11
2015-09-08 17:26:00,69,5.148871926147886e-05,0,-0.11,-0.22,-0.11
2015-09-08 17:31:00,66,0.000895025534597,0,-0.11,-0.22,-0.11
2015-09-08 17:36:00,69,0.0009613583044154,0,-0.11,-0.22,-0.11
2015-09-08 17:41:00,66,0.0012095920717701,0,-0.11,-0.22,-0.11
2015-09-08 17:46:00,65,0.0002256413460872,0,-0.11,-0.22,-0.11
2015-09-08 17:51:00,66,0.0007413164897184,0,-0.11,-0.22,-0.11
2015-09-08 17:56:00,65,0.0001955773102498,0,-0.11,-0.22,-0.11
2015-09-08 17:57:00,64,0.0010043406959847,0,-0.11,-0.22,-0.11
2015-09-08 18:36:00,70,0.0014962010379647,0,-0.11,-0.22,-0.11
2015-09-08 18:46:00,69,0.0032633338550943,0,-0.11,-0.22,-0.11
2015-09-08 18:51:00,66,0.0011493902504098,0,-0.11,-0.22,-0.11
2015-09-08 18:56:00,68,0.0004291746127557,0,-0.11,-0.22,-0.11
2015-09-08 19:06:00,71,0.0001149067277404,0,-0.11,-0.22,-0.11
2015-09-08 20:11:00,63,0.0023750211228245,0,-0.11,-0.22,-0.11
2015-09-08 20:31:00,67,0.0064520768173272,0,-0.11,-0.22,-0.11
2015-09-08 20:41:00,62,3.182190148803058e-05,0,-0.11,-0.22,-0.11
2015-09-08 20:51:00,64,0.0068843204947946,0,-0.11,-0.22,-0.11
2015-09-08 21:01:00,59,0.0014646461453225,0,-0.11,-0.22,-0.11
2015-09-08 21:06:00,65,0.0134931441504857,0,-0.11,-0.22,-0.11
2015-09-08 21:31:00,58,3.690565009904375e-05,0,-0.11,-0.22,-0.11
2015-09-08 21:41:00,64,0.0121799794823484,0,-0.11,-0.22,-0.11
2015-09-08 22:31:00,63,0.001,0,-0.11,-0.22,-0.11
2015-09-08 22:41:00,66,0.0001188911477376,0,-0.11,-0.22,-0.11
2015-09-08 23:16:00,66,0.0017736996570407,0,-0.11,-0.22,-0.11
2015-09-08 23:31:00,60,0.001576550375952,0,-0.11,-0.22,-0.11
2015-09-09 00:06:00,57,0.0040027504107221,0,-0.11,-0.22,-0.11
2015-09-09 01:16:00,58,0.0114844288896942,0,-0.11,-0.22,-0.11
2015-09-09 07:34:00,69,0.0057409023715672,0,-0.11,-0.22,-0.11
2015-09-09 09:20:00,70,0.0120610657686418,0,-0.11,-0.22,-0.11
2015-09-09 09:58:00,66,0.0136281730734278,0,-0.11,-0.22,-0.11
2015-09-09 10:23:00,68,0.001283408605426,0,-0.11,-0.22,-0.11
2015-09-09 10:33:00,65,0.0037056165061779,0,-0.11,-0.22,-0.11
2015-09-09 10:38:00,68,0.001,0,-0.11,-0.22,-0.11
2015-09-09 10:43:00,68,0.0018943211782829,0,-0.11,-0.22,-0.11
2015-09-09 10:48:00,70,0.0008605908785546,0,-0.11,-0.22,-0.11
2015-09-09 10:53:00,67,0.0028502907655314,0,-0.11,-0.22,-0.11
2015-09-09 11:03:00,73,0.001,0,-0.11,-0.22,-0.11
2015-09-09 11:08:00,77,0.0058270329993663,0,-0.11,-0.22,-0.11
2015-09-09 11:13:00,75,0.0125946821662665,0,-0.11,-0.22,-0.11
2015-09-09 11:18:00,71,0.0035167939401138,0,-0.11,-0.22,-0.11
2015-09-09 11:23:00,73,0.0003930270244488,0,-0.11,-0.22,-0.11
2015-09-09 11:43:00,68,0.001,0,-0.11,-0.22,-0.11
2015-09-09 11:48:00,58,0.0067285138003109,0,-0.11,-0.22,-0.11
2015-09-09 12:03:00,65,0.0540101466682043,0,-0.11,-0.22,-0.11
2015-09-09 12:13:00,65,0.0107546533525716,0,-0.11,-0.22,-0.11
2015-09-09 12:33:00,65,0.006688529978611,0,-0.11,-0.22,-0.11
2015-09-09 12:48:00,66,0.0046688635164414,0,-0.11,-0.22,-0.11
2015-09-09 13:08:00,74,0.0006876889397217,0,-0.11,-0.22,-0.11
2015-09-09 13:33:00,64,0.0106175430625081,0,-0.11,-0.22,-0.11
2015-09-09 13:38:00,68,0.0034498104296875,0,-0.11,-0.22,-0.11
2015-09-09 13:43:00,65,0.00015125046009,0,-0.11,-0.22,-0.11
2015-09-09 13:48:00,69,0.0008245155629879,0,-0.11,-0.22,-0.11
2015-09-09 13:53:00,70,0.0015303330269123,0,-0.11,-0.22,-0.11
2015-09-09 13:58:00,64,0.0030673739253123,0,-0.11,-0.22,-0.11
2015-09-09 14:08:00,65,0.0020424210632637,0,-0.11,-0.22,-0.11
2015-09-09 14:13:00,67,0.00040582000106,0,-0.11,-0.22,-0.11
2015-09-09 14:38:00,68,0.0003627185367546,0,-0.11,-0.22,-0.11
2015-09-09 14:48:00,66,0.0012777748071036,0,-0.11,-0.22,-0.11
2015-09-09 14:53:00,63,0.001,0,-0.11,-0.22,-0.11
2015-09-09 15:03:00,68,0.0034331147301714,0,-0.11,-0.22,-0.11
2015-09-09 15:08:00,68,0.0007053913228316,0,-0.11,-0.22,-0.11
2015-09-09 15:13:00,73,0.000616717580092,0,-0.11,-0.22,-0.11
2015-09-09 15:18:00,79,0.0082293750235655,0,-0.11,-0.22,-0.11
2015-09-09 15:23:00,64,0.0271578662913541,0,-0.11,-0.22,-0.11
2015-09-09 15:28:00,67,0.0082525550190926,0,-0.11,-0.22,-0.11
2015-09-09 15:38:00,62,0.0010835575788828,0,-0.11,-0.22,-0.11
2015-09-09 15:43:00,68,0.0123411161982699,0,-0.11,-0.22,-0.11
2015-09-09 15:48:00,70,0.001,0,-0.11,-0.22,-0.11
2015-09-09 16:08:00,67,0.0002267371337795,0,-0.11,-0.22,-0.11
2015-09-09 16:13:00,70,0.0013740637175066,0,-0.11,-0.22,-0.11
2015-09-09 16:23:00,65,8.114132132476698e-05,0,-0.11,-0.22,-0.11
2015-09-09 16:33:00,67,0.0051798808832817,0,-0.11,-0.22,-0.11
2015-09-09 16:43:00,71,0.0010764450432257,0,-0.11,-0.22,-0.11
2015-09-09 16:48:00,69,0.0019053967862641,0,-0.11,-0.22,-0.11
2015-09-09 16:53:00,64,0.0002857281657861,0,-0.11,-0.22,-0.11
2015-09-09 16:58:00,63,0.0044586698937247,0,-0.11,-0.22,-0.11
2015-09-09 17:03:00,62,0.0053428890677508,0,-0.11,-0.22,-0.11
2015-09-09 17:08:00,55,0.0059770132294578,0,-0.11,-0.22,-0.11
2015-09-09 17:13:00,48,0.031591802571202,0,-0.11,-0.22,-0.11
2015-09-09 17:18:00,56,0.0762999958563885,0,-0.11,-0.22,-0.11
2015-09-09 17:23:00,51,0.011518284540368,0,-0.11,-0.22,-0.11
2015-09-09 17:28:00,60,0.0337144204098053,0,-0.11,-0.22,-0.11
2015-09-09 17:33:00,43,0.0002035120115849,0,-0.11,-0.22,-0.11
2015-09-09 17:38:00,62,0.0969089583919972,0,-0.11,-0.22,-0.11
2015-09-09 17:43:00,70,0.0010738936472252,0,-0.11,-0.22,-0.11
2015-09-09 17:48:00,65,0.0288496294729693,0,-0.11,-0.22,-0.11
2015-09-09 17:58:00,70,0.0052243122003831,0,-0.11,-0.22,-0.11
2015-09-09 18:03:00,67,0.0219515550233676,0,-0.11,-0.22,-0.11
2015-09-09 18:13:00,70,0.0070004729825337,0,-0.11,-0.22,-0.11
2015-09-09 18:18:00,67,0.0146817086862805,0,-0.11,-0.22,-0.11
2015-09-09 18:23:00,69,0.0029312007737856,0,-0.11,-0.22,-0.11
2015-09-09 18:28:00,69,0.0045355907545981,0,-0.11,-0.22,-0.11
2015-09-09 18:38:00,68,0.0022206360961784,0,-0.11,-0.22,-0.11
2015-09-09 18:43:00,67,0.0001960564366061,0,-0.11,-0.22,-0.11
2015-09-09 19:03:00,66,0.0001984794703323,0,-0.11,-0.22,-0.11
2015-09-09 19:38:00,63,0.0008302390823925,0,-0.11,-0.22,-0.11
2015-09-09 19:48:00,68,0.0061568340648379,0,-0.11,-0.22,-0.11
2015-09-09 20:03:00,68,3.1766883231481754e-05,0,-0.11,-0.22,-0.11
2015-09-09 20:13:00,65,0.001,0,-0.11,-0.22,-0.11
2015-09-09 20:18:00,60,0.0028645382577429,0,-0.11,-0.22,-0.11
2015-09-09 20:23:00,65,0.0165479577389149,0,-0.11,-0.22,-0.11
2015-09-09 20:38:00,64,0.0015155605744555,0,-0.11,-0.22,-0.11
2015-09-09 20:58:00,57,0.0019442714877695,0,-0.11,-0.22,-0.11
2015-09-09 21:13:00,57,0.0223261799388188,0,-0.11,-0.22,-0.11
2015-09-09 21:28:00,62,0.017200461121781,0,-0.11,-0.22,-0.11
2015-09-09 21:33:00,55,0.0007219729346866,0,-0.11,-0.22,-0.11
2015-09-09 21:48:00,61,0.0160141728349874,0,-0.11,-0.22,-0.11
2015-09-09 21:53:00,61,6.274302807401286e-05,0,-0.11,-0.22,-0.11
2015-09-09 22:33:00,58,0.001,0,-0.11,-0.22,-0.11
2015-09-09 22:41:00,65,0.0025160702525434,0,-0.11,-0.22,-0.11
2015-09-09 23:38:00,65,0.0054349345835986,0,-0.11,-0.22,-0.11
2015-09-09 23:53:00,62,0.0045514653643176,0,-0.11,-0.22,-0.11
2015-09-10 05:33:00,68,0.0001356257976696,0,-0.11,-0.22,-0.11
2015-09-10 05:45:00,61,0.011876650653532,0,-0.11,-0.22,-0.11
2015-09-10 08:00:00,62,0.0002092073089448,0,-0.11,-0.22,-0.11
2015-09-10 08:18:00,73,4.37408580976187e-05,0,-0.11,-0.22,-0.11
2015-09-10 08:33:00,70,0.0252080584252821,0,-0.11,-0.22,-0.11
2015-09-10 08:43:00,65,0.0082567677302707,0,-0.11,-0.22,-0.11
2015-09-10 08:53:00,65,4.589627726584908e-05,0,-0.11,-0.22,-0.11
2015-09-10 09:13:00,61,9.726408274906168e-05,0,-0.11,-0.22,-0.11
2015-09-10 09:23:00,64,0.0062379046124982,0,-0.11,-0.22,-0.11
2015-09-10 09:28:00,62,0.000652403893286,0,-0.11,-0.22,-0.11
2015-09-10 09:48:00,75,0.0036092575039265,0,-0.11,-0.22,-0.11
2015-09-10 09:52:00,66,0.0180583639444399,0,-0.11,-0.22,-0.11
2015-09-10 10:02:00,71,0.0007238693827045,0,-0.11,-0.22,-0.11
2015-09-10 10:07:00,66,0.0022757075942299,0,-0.11,-0.22,-0.11
2015-09-10 10:22:00,67,0.0017629426533779,0,-0.11,-0.22,-0.11
2015-09-10 10:27:00,65,0.000623356431884,0,-0.11,-0.22,-0.11
2015-09-10 10:32:00,67,0.0038404464008328,0,-0.11,-0.22,-0.11
2015-09-10 10:42:00,67,0.0006631184682031,0,-0.11,-0.22,-0.11
2015-09-10 10:47:00,65,0.0004023678931055,0,-0.11,-0.22,-0.11
2015-09-10 10:52:00,68,0.0015133269279841,0,-0.11,-0.22,-0.11
2015-09-10 11:27:00,64,7.932107842787527e-05,0,-0.11,-0.22,-0.11
2015-09-10 11:37:00,72,0.0021306338606798,0,-0.11,-0.22,-0.11
2015-09-10 11:42:00,62,0.0099999353322146,0,-0.11,-0.22,-0.11
2015-09-10 11:47:00,72,0.0054164972080803,0,-0.11,-0.22,-0.11
2015-09-10 11:52:00,72,0.0084288144993547,0,-0.11,-0.22,-0.11
2015-09-10 11:57:00,68,0.00616544596795,0,-0.11,-0.22,-0.11
2015-09-10 12:07:00,64,0.001,0,-0.11,-0.22,-0.11
2015-09-10 12:12:00,63,0.0041226041036733,0,-0.11,-0.22,-0.11
2015-09-10 12:37:00,65,0.0047254303098456,0,-0.11,-0.22,-0.11
2015-09-10 12:42:00,72,0.0010837693590743,0,-0.11,-0.22,-0.11
2015-09-10 12:57:00,67,0.0062665316592657,0,-0.11,-0.22,-0.11
2015-09-10 13:07:00,66,3.569548107976765e-05,0,-0.11,-0.22,-0.11
2015-09-10 13:17:00,71,0.0006077318394359,0,-0.11,-0.22,-0.11
2015-09-10 13:32:00,71,0.0034786651615632,0,-0.11,-0.22,-0.11
2015-09-10 13:42:00,67,0.0018772566800888,0,-0.11,-0.22,-0.11
2015-09-10 13:47:00,68,0.0016547660945809,0,-0.11,-0.22,-0.11
2015-09-10 14:02:00,65,0.0002511391909702,0,-0.11,-0.22,-0.11
2015-09-10 14:07:00,70,0.0025041843079485,0,-0.11,-0.22,-0.11
2015-09-10 14:17:00,71,0.0012732139759254,0,-0.11,-0.22,-0.11
2015-09-10 14:32:00,65,0.0020130267248434,0,-0.11,-0.22,-0.11
2015-09-10 14:37:00,69,0.0029045700661112,0,-0.11,-0.22,-0.11
2015-09-10 14:42:00,69,0.0001480268887879,0,-0.11,-0.22,-0.11
2015-09-10 14:47:00,69,9.642744260703898e-05,0,-0.11,-0.22,-0.11
2015-09-10 14:57:00,69,0.001,0,-0.11,-0.22,-0.11
2015-09-10 15:02:00,71,6.843628962007894e-05,0,-0.11,-0.22,-0.11
2015-09-10 15:07:00,64,0.0009170461877321,0,-0.11,-0.22,-0.11
2015-09-10 15:12:00,64,0.007021876475335,0,-0.11,-0.22,-0.11
2015-09-10 15:17:00,66,0.0042658640579922,0,-0.11,-0.22,-0.11
2015-09-10 15:22:00,76,0.0010076470474637,0,-0.11,-0.22,-0.11
2015-09-10 15:27:00,64,0.0146125940334134,0,-0.11,-0.22,-0.11
2015-09-10 15:32:00,67,0.0054367961912529,0,-0.11,-0.22,-0.11
2015-09-10 15:37:00,64,0.0002890881886348,0,-0.11,-0.22,-0.11
2015-09-10 15:42:00,70,0.0034010734841419,0,-0.11,-0.22,-0.11
2015-09-10 15:47:00,70,0.0008774809638739,0,-0.11,-0.22,-0.11
2015-09-10 15:52:00,68,0.0012735110160304,0,-0.11,-0.22,-0.11
2015-09-10 15:57:00,69,0.000185070633513,0,-0.11,-0.22,-0.11
2015-09-10 16:02:00,68,0.001,0,-0.11,-0.22,-0.11
2015-09-10 16:12:00,68,2.971611171242746e-05,0,-0.11,-0.22,-0.11
2015-09-10 16:17:00,69,0.001,0,-0.11,-0.22,-0.11
2015-09-10 16:22:00,63,0.0003534462385401,0,-0.11,-0.22,-0.11
2015-09-10 16:27:00,67,0.0064406896444425,0,-0.11,-0.22,-0.11
2015-09-10 16:32:00,66,0.0002677285765976,0,-0.11,-0.22,-0.11
2015-09-10 16:37:00,68,0.0006452167566583,0,-0.11,-0.22,-0.11
2015-09-10 16:42:00,66,9.628354486411224e-05,0,-0.11,-0.22,-0.11
2015-09-10 16:47:00,67,0.0008185755905123,0,-0.11,-0.22,-0.11
2015-09-10 16:52:00,67,9.992716281916076e-05,0,-0.11,-0.22,-0.11
2015-09-10 16:57:00,68,0.001,0,-0.11,-0.22,-0.11
2015-09-10 17:02:00,64,0.00015007200147,0,-0.11,-0.22,-0.11
2015-09-10 17:07:00,67,0.0021713611857236,0,-0.11,-0.22,-0.11
2015-09-10 17:12:00,62,0.001,0,-0.11,-0.22,-0.11
2015-09-10 17:17:00,67,0.0058535088567811,0,-0.11,-0.22,-0.11
2015-09-10 17:22:00,66,0.0004636466344199,0,-0.11,-0.22,-0.11
2015-09-10 17:32:00,66,0.001,0,-0.11,-0.22,-0.11
2015-09-10 17:37:00,67,0.001,0,-0.11,-0.22,-0.11
2015-09-10 17:42:00,62,0.0001899088285162,0,-0.11,-0.22,-0.11
2015-09-10 17:47:00,63,0.0042893372642414,0,-0.11,-0.22,-0.11
2015-09-10 17:52:00,66,0.0017273782265261,0,-0.11,-0.22,-0.11
2015-09-10 18:07:00,69,0.0003389130016237,0,-0.11,-0.22,-0.11
2015-09-10 18:12:00,70,0.003985392565393,0,-0.11,-0.22,-0.11
2015-09-10 18:17:00,70,0.0041759213938281,0,-0.11,-0.22,-0.11
2015-09-10 18:22:00,67,0.0019813849738523,0,-0.11,-0.22,-0.11
2015-09-10 18:37:00,66,0.001,0,-0.11,-0.22,-0.11
2015-09-10 18:42:00,68,0.0002889359911517,0,-0.11,-0.22,-0.11
2015-09-10 18:47:00,71,0.0002611100961821,0,-0.11,-0.22,-0.11
2015-09-10 18:52:00,62,0.0021620617258493,0,-0.11,-0.22,-0.11
2015-09-10 18:57:00,68,0.0103924074331018,0,-0.11,-0.22,-0.11
2015-09-10 19:32:00,62,0.001,0,-0.11,-0.22,-0.11
2015-09-10 19:37:00,64,0.0095178937182773,0,-0.11,-0.22,-0.11
2015-09-10 19:47:00,69,0.0027039397540524,0,-0.11,-0.22,-0.11
2015-09-10 19:57:00,63,0.0008367551050155,0,-0.11,-0.22,-0.11
2015-09-10 20:02:00,64,0.0045413869405094,0,-0.11,-0.22,-0.11
2015-09-10 21:02:00,62,0.0010643770260956,0,-0.11,-0.22,-0.11
2015-09-10 21:12:00,69,0.0040288785492229,0,-0.11,-0.22,-0.11
2015-09-10 21:27:00,65,0.0031080864375259,0,-0.11,-0.22,-0.11
2015-09-10 21:57:00,56,0.0002385320191347,0,-0.11,-0.22,-0.11
2015-09-10 22:12:00,64,0.0232992443519933,0,-0.11,-0.22,-0.11
2015-09-10 23:42:00,70,0.001,0,-0.11,-0.22,-0.11
2015-09-10 23:47:00,61,0.0083794443406307,0,-0.11,-0.22,-0.11
2015-09-11 05:27:00,64,0.0037336813605761,0,-0.11,-0.22,-0.11
2015-09-11 05:47:00,68,0.001,0,-0.11,-0.22,-0.11
2015-09-11 06:17:00,65,0.0037546543763529,0,-0.11,-0.22,-0.11
2015-09-11 06:37:00,70,8.793670762533809e-05,0,-0.11,-0.22,-0.11
2015-09-11 06:42:00,65,0.0063712476311351,0,-0.11,-0.22,-0.11
2015-09-11 06:57:00,65,0.0001057998542334,0,-0.11,-0.22,-0.11
2015-09-11 07:07:00,70,8.343270082659879e-05,0,-0.11,-0.22,-0.11
2015-09-11 07:12:00,73,0.0043846149417428,0,-0.11,-0.22,-0.11
2015-09-11 07:32:00,69,0.0101457302510873,0,-0.11,-0.22,-0.11
2015-09-11 07:42:00,68,0.0004151711674384,0,-0.11,-0.22,-0.11
2015-09-11 08:12:00,65,5.715948236004619e-05,0,-0.11,-0.22,-0.11
2015-09-11 08:42:00,68,0.0036930807442603,0,-0.11,-0.22,-0.11
2015-09-11 08:47:00,69,0.0001881093770434,0,-0.11,-0.22,-0.11
2015-09-11 09:12:00,71,0.001,0,-0.11,-0.22,-0.11
2015-09-11 09:17:00,70,0.0004904102941254,0,-0.11,-0.22,-0.11
2015-09-11 09:27:00,64,0.001,0,-0.11,-0.22,-0.11
2015-09-11 09:32:00,68,0.0096442535978678,0,-0.11,-0.22,-0.11
2015-09-11 09:37:00,70,0.000881684488401,0,-0.11,-0.22,-0.11
2015-09-11 09:52:00,66,0.0001621660713667,0,-0.11,-0.22,-0.11
2015-09-11 09:57:00,71,0.0033790505918041,0,-0.11,-0.22,-0.11
2015-09-11 10:07:00,68,0.0015303365930208,0,-0.11,-0.22,-0.11
2015-09-11 10:27:00,63,0.0003548499949195,0,-0.11,-0.22,-0.11
2015-09-11 10:39:00,66,0.0096956985480059,0,-0.11,-0.22,-0.11
2015-09-11 10:49:00,65,0.000634907599324,0,-0.11,-0.22,-0.11
2015-09-11 11:19:00,69,0.0012472466484616,0,-0.11,-0.22,-0.11
2015-09-11 11:29:00,70,0.0012254258041116,0,-0.11,-0.22,-0.11
2015-09-11 11:34:00,67,0.0012667217174204,0,-0.11,-0.22,-0.11
2015-09-11 11:39:00,63,0.001,0,-0.11,-0.22,-0.11
2015-09-11 11:44:00,68,0.0031898305043505,0,-0.11,-0.22,-0.11
2015-09-11 11:54:00,71,0.0005407791759382,0,-0.11,-0.22,-0.11
2015-09-11 12:04:00,60,0.0032211411889458,0,-0.11,-0.22,-0.11
2015-09-11 12:14:00,81,0.0119761061801856,0,-0.11,-0.22,-0.11
2015-09-11 12:39:00,69,0.0482116907114872,0,-0.11,-0.22,-0.11
2015-09-11 12:44:00,71,0.001,0,-0.11,-0.22,-0.11
2015-09-11 12:49:00,64,0.0011344340914417,0,-0.11,-0.22,-0.11
2015-09-11 12:54:00,65,0.0080714831469538,0,-0.11,-0.22,-0.11
2015-09-11 12:59:00,69,0.0029514655701808,0,-0.11,-0.22,-0.11
2015-09-11 13:09:00,66,6.461679075031652e-05,0,-0.11,-0.22,-0.11
2015-09-11 13:24:00,65,0.0024477354599867,0,-0.11,-0.22,-0.11
2015-09-11 13:29:00,67,0.0034383510221115,0,-0.11,-0.22,-0.11
2015-09-11 13:39:00,67,0.0002206483905987,0,-0.11,-0.22,-0.11
2015-09-11 13:44:00,66,0.0001889912461385,0,-0.11,-0.22,-0.11
2015-09-11 13:49:00,69,0.0005275123730961,0,-0.11,-0.22,-0.11
2015-09-11 13:54:00,70,0.0004077305397535,0,-0.11,-0.22,-0.11
2015-09-11 14:04:00,65,0.000817305954323,0,-0.11,-0.22,-0.11
2015-09-11 14:14:00,68,0.0025358426287711,0,-0.11,-0.22,-0.11
2015-09-11 14:19:00,68,6.501250011734912e-05,0,-0.11,-0.22,-0.11
2015-09-11 14:24:00,66,0.0002015583291909,0,-0.11,-0.22,-0.11
2015-09-11 14:29:00,67,0.0006334322334941,0,-0.11,-0.22,-0.11
2015-09-11 14:39:00,66,0.0001131559656647,0,-0.11,-0.22,-0.11
2015-09-11 14:44:00,67,0.0003708553926089,0,-0.11,-0.22,-0.11
2015-09-11 14:54:00,66,2.9233965909801303e-05,0,-0.11,-0.22,-0.11
2015-09-11 14:59:00,65,0.0001844490026409,0,-0.11,-0.22,-0.11
2015-09-11 15:09:00,69,0.0004403506530412,0,-0.11,-0.22,-0.11
2015-09-11 15:14:00,69,0.0016254153802518,0,-0.11,-0.22,-0.11
2015-09-11 15:19:00,70,0.0012424408973412,0,-0.11,-0.22,-0.11
2015-09-11 15:24:00,67,0.0010825090338904,0,-0.11,-0.22,-0.11
2015-09-11 15:29:00,68,0.0002749554085983,0,-0.11,-0.22,-0.11
2015-09-11 15:34:00,64,3.987141642166316e-05,1,1.0,1.0,1.0
2015-09-11 15:39:00,66,0.0027982390810058,1,0.9974673237743696,0.9974673237743696,0.9974673237743695
2015-09-11 15:44:00,66,0.0005248355122274,1,0.9944663453837748,0.9944663453837748,0.9944663453837747
2015-09-11 15:49:00,62,0.000716124118164,1,0.9909122971351696,0.9909122971351696,0.9909122971351695
2015-09-11 15:54:00,66,0.0054179326009936,1,0.9867058058954474,0.9867058058954474,0.9867058058954474
2015-09-11 15:59:00,60,0.0002617139855013,1,0.9817306754801916,0.9817306754801916,0.9817306754801916
2015-09-11 16:04:00,66,0.0104436938970996,1,0.9758514550893066,0.9758514550893066,0.9758514550893066
2015-09-11 16:09:00,68,4.0503690695186864e-05,1,0.9689108275010176,0.9689108275010176,0.9689108275010175
2015-09-11 16:14:00,64,0.0021746566102711,1,0.9607268814309669,0.9607268814309669,0.9607268814309669
2015-09-11 16:19:00,66,0.0004814592414497,1,0.9510903752891,0.9510903752891,0.9510903752891001
2015-09-11 16:24:00,60,8.829325306095048e-05,1,0.939762157354885,0.939762157354885,0.939762157354885
2015-09-11 16:29:00,70,0.0065800071883408,1,0.9264709826944568,0.9264709826944568,0.9264709826944568
2015-09-11 16:34:00,65,0.0078131397646907,1,0.9109120614477282,0.9109120614477282,0.9109120614477282
2015-09-11 16:39:00,59,0.001,1,0.8927467855469282,0.8927467855469282,0.8927467855469282
2015-09-11 16:44:00,23,0.0095565207059004,1,0.8716042063328711,0.8716042063328711,0.8716042063328711
2015-09-11 16:49:00,52,0.4909839572326321,1,0.8470849618628639,0.8470849618628639,0.8470849618628639
2015-09-11 16:54:00,56,0.0268770720984397,1,0.8187684579182891,0.8187684579182891,0.8187684579182891
2015-09-11 16:59:00,67,0.0065000877081549,1,0.7862241558438429,0.7862241558438429,0.7862241558438429
2015-09-11 17:04:00,63,0.0134592703369405,1,0.7490277640043964,0.7490277640043964,0.7490277640043964
2015-09-11 17:09:00,61,0.001643972495687,1,0.7067829063330667,0.7067829063330667,0.7067829063330667
2015-09-11 17:14:00,65,0.001,1,0.6591483866450579,0.6591483866450579,0.6591483866450579
2015-09-11 17:19:00,63,0.004629050762927,1,0.605870432503202,0.605870432503202,0.605870432503202
2015-09-11 17:24:00,62,0.0006914997631926,1,0.5468182846288978,0.5468182846288978,0.5468182846288978
2015-09-11 17:29:00,66,3.934372279881275e-05,1,0.4820202769740843,0.4820202769740843,0.48202027697408434
2015-09-11 17:34:00,62,0.0048656419794207,1,0.4116963226465555,0.4116963226465555,0.41169632264655553
2015-09-11 17:39:00,70,0.001,1,0.3362817953471616,0.3362817953471616,0.3362817953471616
2015-09-11 17:44:00,68,0.014789722623119,1,0.2564375619608148,0.2564375619608148,0.2564375619608148
2015-09-11 17:49:00,69,0.0046131647461772,1,0.1730417302911223,0.1730417302911223,0.1730417302911223
2015-09-11 17:54:00,69,0.0048483444852334,1,0.0871606838341291,0.0871606838341291,0.08716068383412914
2015-09-11 17:59:00,69,0.0026954823395402,0,-0.0097954129172748,-0.0195908258345496,-0.00979541291727483
2015-09-11 18:04:00,64,0.001528866468609,0,-0.0194366974592379,-0.0388733949184758,-0.019436697459237925
2015-09-11 18:09:00,68,0.0027799512591838,0,-0.0287792756631554,-0.0575585513263109,-0.02877927566315547
2015-09-11 18:11:00,70,7.873114723474893e-05,0,-0.0376964397662005,-0.0753928795324011,-0.03769643976620059
2015-09-11 18:16:00,65,0.0006624471951004,0,-0.0460854755822227,-0.0921709511644455,-0.04608547558222279
2015-09-11 18:21:00,70,0.0034674335339906,0,-0.0538710690471103,-0.1077421380942206,-0.05387106904711034
2015-09-11 18:26:00,67,0.0004412960165904,0,-0.061005969458432,-0.1220119389168641,-0.06100596945843206
2015-09-11 18:31:00,64,0.0012006256948896,0,-0.067469298643492,-0.1349385972869841,-0.06746929864349208
2015-09-11 18:36:00,67,0.0048345221512337,0,-0.073263152985424,-0.146526305970848,-0.07326315298542403
2015-09-11 18:41:00,67,0.0006001179772546,0,-0.0784082268753388,-0.1568164537506776,-0.0784082268753388
2015-09-11 18:51:00,68,0.0007189207190404,0,-0.0829391237519836,-0.1658782475039672,-0.0829391237519836
2015-09-11 18:56:00,68,0.0001532008930886,0,-0.0868998712955417,-0.1737997425910834,-0.08689987129554173
2015-09-11 19:01:00,68,0.0002509206298317,0,-0.0903399778531955,-0.1806799557063911,-0.09033997785319557
2015-09-11 19:26:00,63,9.863706797986574e-05,0,-0.0933112003953264,-0.1866224007906528,-0.09331120039532642
2015-09-11 19:41:00,62,0.0087221206932262,0,-0.0958650635622034,-0.1917301271244068,-0.09586506356220341
2015-09-11 19:46:00,69,0.0050877323927308,0,-0.098051081450819,-0.1961021629016381,-0.09805108145081906
2015-09-11 20:01:00,61,0.0066180129181773,0,-0.0999155847573683,-0.1998311695147367,-0.09991558475736836
2015-09-11 20:06:00,58,0.0026453732592227,0,-0.101501036745009,-0.2030020734900181,-0.10150103674500907
2015-09-11 20:16:00,61,0.0109234920368133,0,-0.1028457223385171,-0.2056914446770343,-0.10284572233851715
2015-09-11 20:26:00,63,0.0022899089490739,0,-0.1039837069048397,-0.2079674138096795,-0.10398370690483977
2015-09-11 20:36:00,62,0.0001649993560738,0,-0.1049449786197943,-0.2098899572395887,-0.10494497861979436
2015-09-11 20:46:00,66,0.0004415446512784,0,-0.1057557066006469,-0.2115114132012938,-0.1057557066006469
2015-09-11 20:51:00,65,0.0025052819567374,0,-0.1064385638365199,-0.2128771276730398,-0.1064385638365199
2015-09-11 21:01:00,60,0.0007746048207582,0,-0.1070130782723762,-0.2140261565447525,-0.10701307827237624
2015-09-11 21:21:00,64,0.0028201991932125,0,-0.1074959868995426,-0.2149919737990852,-0.10749598689954264
2015-09-11 21:51:00,59,0.00036879349873,0,-0.1079015765300936,-0.2158031530601872,-0.1079015765300936
2015-09-11 21:56:00,56,0.0043677201422712,0,-0.1082420014507156,-0.2164840029014312,-0.1082420014507156
2015-09-11 21:59:00,47,0.0117339912657276,0,-0.1085275727966573,-0.2170551455933146,-0.10852757279665734
2015-09-11 22:16:00,60,0.0669662885966628,0,-0.1087670176754879,-0.2175340353509758,-0.1087670176754879
2015-09-11 22:41:00,56,0.0003362382687155,0,-0.1089677081675022,-0.2179354163350045,-0.10896770816750229
2015-09-11 23:41:00,57,0.0072480115478526,0,-0.1091358616325579,-0.2182717232651159,-0.10913586163255799
2015-09-12 00:16:00,79,0.0038989176821635,0,-0.1092767144950945,-0.218553428990189,-0.10927671449509452
2015-09-12 00:46:00,62,0.0929943385703259,0,-0.1093946720365954,-0.2187893440731909,-0.10939467203659546
2015-09-12 02:56:00,64,3.278880627636086e-05,0,-0.1094934368277228,-0.2189868736554457,-0.10949343682772289
2015-09-12 03:41:00,58,0.0003394866053861,0,-0.1095761183740679,-0.2191522367481359,-0.10957611837406796
2015-09-12 05:06:00,78,0.0084678744758867,0,-0.1096453263953242,-0.2192906527906484,-0.10964532639532422
2015-09-12 06:51:00,75,0.0529497026620294,0,-0.1097032499524269,-0.2194064999048539,-0.10970324995242696
2015-09-12 07:11:00,71,0.0202009440783211,0,-0.1097517244105547,-0.2195034488211095,-0.10975172441055475
2015-09-12 07:41:00,70,0.0034627996583666,0,-0.1097922879969376,-0.2195845759938753,-0.10979228799693766
2015-09-12 07:51:00,73,0.0007628899655787,0,-0.1098262294928179,-0.2196524589856359,-0.10982622949281798
2015-09-12 08:01:00,70,0.0031623893252394,0,-0.1098546283952466,-0.2197092567904933,-0.10985462839524666
2015-09-12 08:16:00,70,5.573568474132226e-05,0,-0.1098783886998768,-0.2197567773997536,-0.1098783886998768
2015-09-12 08:46:00,80,0.0003477220371513,0,-0.1098982672915445,-0.2197965345830891,-0.10989826729154455
2015-09-12 08:56:00,66,0.0127128087857373,0,-0.1099148977848586,-0.2198297955697173,-0.10991489778485865
2015-09-12 09:16:00,68,0.0149534549523792,0,-0.1099288105311008,-0.2198576210622016,-0.10992881053110082
2015-09-12 09:21:00,76,0.0070716998205907,0,-0.1099404493988959,-0.2198808987977919,-0.10994044939889597
2015-09-12 09:26:00,66,0.0005378097421218,0,-0.1099501858425959,-0.2199003716851919,-0.10995018584259597
2015-09-12 09:56:00,69,0.019741607507118,0,-0.1099583306923584,-0.2199166613847169,-0.10995833069235847
2015-09-12 10:06:00,69,0.003865408549704,0,-0.1099651440317974,-0.2199302880635948,-0.10996514403179744
2015-09-12 10:16:00,70,0.0019076560454914,0,-0.1099708434712574,-0.2199416869425148,-0.10997084347125743
2015-09-12 10:46:00,72,0.0004203072350089,0,-0.109975611075793,-0.219951222151586,-0.10997561107579303
2015-09-12 10:51:00,67,3.191467724634936e-05,0,-0.1099795991655534,-0.2199591983311069,-0.10997959916555348
2015-09-12 10:56:00,71,0.0045862011359579,0,-0.1099829351713611,-0.2199658703427222,-0.10998293517136111
2015-09-12 11:06:00,64,0.001,0,-0.1099857256988634,-0.2199714513977268,-0.10998572569886343
2015-09-12 11:31:00,67,0.0080463394496134,0,-0.109988059929895,-0.21997611985979,-0.10998805992989501
2015-09-12 11:41:00,75,9.1520602417182e-05,0,-0.1099900124688854,-0.2199800249377709,-0.10999001246888546
2015-09-12 11:46:00,68,0.0146961726421436,0,-0.1099916457246811,-0.2199832914493622,-0.10999164572468113
2015-09-12 12:06:00,67,0.0002273629260178,0,-0.1099930119034856,-0.2199860238069713,-0.10999301190348569
2015-09-12 12:11:00,71,0.001,0,-0.1099941546763259,-0.2199883093526519,-0.10999415467632598
2015-09-12 12:16:00,65,0.0041468483249293,0,-0.1099951105741371,-0.2199902211482742,-0.10999511057413713
2015-09-12 12:26:00,67,0.0025739141125512,0,-0.1099959101549179,-0.2199918203098358,-0.1099959101549179
2015-09-12 12:31:00,77,0.001,0,-0.109996578980166,-0.219993157960332,-0.10999657898016602
2015-09-12 12:36:00,67,0.0188197594790116,0,-0.1099971384317373,-0.2199942768634747,-0.10999713843173738
2015-09-12 12:46:00,67,0.0032441190809225,0,-0.1099976063951939,-0.2199952127903878,-0.10999760639519393
2015-09-12 12:51:00,68,0.0005024422670011,0,-0.1099979978314515,-0.2199959956629031,-0.10999799783145155
2015-09-12 13:06:00,70,0.001,0,-0.1099983252549795,-0.219996650509959,-0.10999832525497952
2015-09-12 13:11:00,67,0.000740047727097,0,-0.1099985991338226,-0.2199971982676452,-0.1099985991338226
2015-09-12 13:16:00,62,0.0019445678429664,0,-0.1099988282242231,-0.2199976564484462,-0.1099988282242231
2015-09-12 13:21:00,67,0.012014369255818,0,-0.1099990198505327,-0.2199980397010654,-0.10999901985053273
2015-09-12 13:36:00,67,0.0001959332899752,0,-0.1099991801393574,-0.2199983602787149,-0.10999918013935749
2015-09-12 13:41:00,65,0.0002886570050061,0,-0.1099993142154176,-0.2199986284308352,-0.10999931421541763
2015-09-12 14:16:00,73,0.0018609763905681,0,-0.1099994263653819,-0.2199988527307638,-0.10999942636538193
2015-09-12 14:21:00,69,0.0069805115634079,0,-0.1099995201749119,-0.2199990403498239,-0.10999952017491196
2015-09-12 14:31:00,70,3.037072711649851e-05,0,-0.1099995986432969,-0.2199991972865939,-0.10999959864329696
2015-09-12 14:41:00,70,0.0002423119483515,0,-0.1099996642793432,-0.2199993285586864,-0.10999966427934324
2015-09-12 14:56:00,69,0.0006204760671963,0,-0.1099997191815833,-0.2199994383631666,-0.10999971918158333
2015-09-12 15:01:00,72,0.001,0,-0.1099997651053685,-0.2199995302107371,-0.10999976510536859
2015-09-12 15:11:00,70,0.0012835916547669,0,-0.1099998035189905,-0.2199996070379811,-0.10999980351899055
2015-09-12 15:16:00,64,0.0001543109544658,0,-0.1099998356506245,-0.219999671301249,-0.10999983565062453
2015-09-12 15:21:00,68,0.0078131686557204,0,-0.1099998625275966,-0.2199997250551933,-0.10999986252759669
2015-09-12 15:31:00,66,0.0004256161781074,0,-0.1099998850092296,-0.2199997700184593,-0.10999988500922965
2015-09-12 15:36:00,72,0.0026000425453437,0,-0.1099999038143167,-0.2199998076286334,-0.10999990381431671
2015-09-12 15:41:00,71,0.001740582823135,0,-0.1099999195441033,-0.2199998390882066,-0.1099999195441033
2015-09-12 15:46:00,68,0.0005097512775074,0,-0.10999993270151,-0.2199998654030201,-0.10999993270151008
2015-09-12 15:51:00,66,0.0008955685055993,0,-0.11,-0.22,-0.11
2015-09-12 15:56:00,70,0.0022216151711007,0,-0.11,-0.22,-0.11
2015-09-12 16:01:00,68,4.407118987963175e-05,0,-0.11,-0.22,-0.11
2015-09-12 16:11:00,65,0.0010651730150872,0,-0.11,-0.22,-0.11
2015-09-12 16:16:00,72,0.0038271635723522,0,-0.11,-0.22,-0.11
2015-09-12 16:21:00,65,0.0025634277243199,0,-0.11,-0.22,-0.11
2015-09-12 16:31:00,71,0.0048436156185318,0,-0.11,-0.22,-0.11
2015-09-12 16:36:00,65,0.0020199152389071,0,-0.11,-0.22,-0.11
2015-09-12 16:41:00,64,0.0036157080633485,0,-0.11,-0.22,-0.11
2015-09-12 16:46:00,69,0.0053259986770952,0,-0.11,-0.22,-0.11
2015-09-12 16:51:00,68,0.0005482029298754,0,-0.11,-0.22,-0.11
2015-09-12 16:56:00,72,0.001,0,-0.11,-0.22,-0.11
2015-09-12 17:01:00,71,0.0035607789396269,0,-0.11,-0.22,-0.11
2015-09-12 17:06:00,69,0.0010396154453047,0,-0.11,-0.22,-0.11
2015-09-12 17:21:00,71,2.791616040031397e-05,0,-0.11,-0.22,-0.11
2015-09-12 17:46:00,69,0.0015629072813356,0,-0.11,-0.22,-0.11
2015-09-12 18:21:00,73,2.9447381494173784e-05,0,-0.11,-0.22,-0.11
2015-09-12 18:41:00,70,0.0027096279087295,0,-0.11,-0.22,-0.11
2015-09-12 19:01:00,68,0.001,0,-0.11,-0.22,-0.11
2015-09-12 19:21:00,62,0.0018128912275677,0,-0.11,-0.22,-0.11
2015-09-12 19:26:00,69,0.0161331901046863,0,-0.11,-0.22,-0.11
2015-09-12 19:46:00,72,5.287929646876168e-05,0,-0.11,-0.22,-0.11
2015-09-12 19:51:00,65,0.0008043644499914,0,-0.11,-0.22,-0.11
2015-09-12 20:06:00,60,0.0063199248421134,0,-0.11,-0.22,-0.11
2015-09-12 20:31:00,62,0.0205253929662503,0,-0.11,-0.22,-0.11
2015-09-12 20:51:00,66,0.0076541191241957,0,-0.11,-0.22,-0.11
2015-09-12 21:21:00,68,0.001,0,-0.11,-0.22,-0.11
2015-09-12 21:36:00,63,0.0006107195989295,0,-0.11,-0.22,-0.11
2015-09-12 21:51:00,70,0.0025172380126839,0,-0.11,-0.22,-0.11
2015-09-12 22:46:00,74,0.003513431525996,0,-0.11,-0.22,-0.11
2015-09-12 23:01:00,62,0.0124528993771264,0,-0.11,-0.22,-0.11
2015-09-12 23:06:00,59,0.0068179733859749,0,-0.11,-0.22,-0.11
2015-09-12 23:31:00,59,0.0128970406171522,0,-0.11,-0.22,-0.11
2015-09-13 06:31:00,62,0.010794666623395,0,-0.11,-0.22,-0.11
2015-09-13 07:51:00,70,0.0015521419902097,0,-0.11,-0.22,-0.11
2015-09-13 08:01:00,62,0.0093583433395259,0,-0.11,-0.22,-0.11
2015-09-13 08:26:00,67,0.0024301575907498,0,-0.11,-0.22,-0.11
2015-09-13 09:21:00,69,0.0018577825990085,0,-0.11,-0.22,-0.11
2015-09-13 09:26:00,72,0.003776180939963,0,-0.11,-0.22,-0.11
2015-09-13 09:41:00,67,0.0112954136655646,0,-0.11,-0.22,-0.11
2015-09-13 10:06:00,69,0.0001772472213585,0,-0.11,-0.22,-0.11
2015-09-13 10:11:00,72,0.0010161707986391,0,-0.11,-0.22,-0.11
2015-09-13 10:16:00,65,0.0045035130772095,0,-0.11,-0.22,-0.11
2015-09-13 10:46:00,76,0.0031824105211608,0,-0.11,-0.22,-0.11
2015-09-13 10:51:00,67,0.0116501014588577,0,-0.11,-0.22,-0.11
2015-09-13 10:56:00,72,0.0027430438202242,0,-0.11,-0.22,-0.11
2015-09-13 11:06:00,70,0.000524710522618,0,-0.11,-0.22,-0.11
2015-09-13 11:11:00,65,0.0002822129149,0,-0.11,-0.22,-0.11
2015-09-13 11:26:00,71,0.0090012669701009,0,-0.11,-0.22,-0.11
2015-09-13 11:31:00,69,0.001,0,-0.11,-0.22,-0.11
2015-09-13 11:46:00,64,0.001362793118032,0,-0.11,-0.22,-0.11
2015-09-13 11:51:00,67,0.0100694146336578,0,-0.11,-0.22,-0.11
2015-09-13 11:56:00,69,0.0032251460882721,0,-0.11,-0.22,-0.11
2015-09-13 12:06:00,66,0.0006044173959409,0,-0.11,-0.22,-0.11
2015-09-13 12:21:00,73,0.0016327141974253,0,-0.11,-0.22,-0.11
2015-09-13 12:26:00,70,0.0066910469795159,0,-0.11,-0.22,-0.11
2015-09-13 12:31:00,66,0.0004373130675134,0,-0.11,-0.22,-0.11
2015-09-13 12:41:00,66,0.0022356009931665,0,-0.11,-0.22,-0.11
2015-09-13 12:53:00,66,0.0021861734942966,0,-0.11,-0.22,-0.11
2015-09-13 12:58:00,70,0.000948394228502,0,-0.11,-0.22,-0.11
2015-09-13 13:03:00,67,0.0006510557362371,0,-0.11,-0.22,-0.11
2015-09-13 13:08:00,72,0.0005261674997214,0,-0.11,-0.22,-0.11
2015-09-13 13:13:00,69,0.0057119419897818,0,-0.11,-0.22,-0.11
2015-09-13 13:18:00,66,0.0004004428521612,0,-0.11,-0.22,-0.11
2015-09-13 13:23:00,68,0.0006894613623217,0,-0.11,-0.22,-0.11
2015-09-13 13:28:00,65,0.001,0,-0.11,-0.22,-0.11
2015-09-13 13:38:00,67,0.0028299101460859,0,-0.11,-0.22,-0.11
2015-09-13 13:43:00,64,0.001,0,-0.11,-0.22,-0.11
2015-09-13 13:53:00,66,0.0033075889879216,0,-0.11,-0.22,-0.11
2015-09-13 13:58:00,68,0.0003784711939277,0,-0.11,-0.22,-0.11
2015-09-13 14:13:00,68,8.02012272818627e-05,0,-0.11,-0.22,-0.11
2015-09-13 14:23:00,67,0.0001941948270095,0,-0.11,-0.22,-0.11
2015-09-13 14:28:00,59,0.001,0,-0.11,-0.22,-0.11
2015-09-13 14:38:00,64,0.0175326170522834,0,-0.11,-0.22,-0.11
2015-09-13 14:48:00,67,0.0006802377281274,0,-0.11,-0.22,-0.11
2015-09-13 14:53:00,65,0.0002380384941449,0,-0.11,-0.22,-0.11
2015-09-13 15:13:00,67,8.66702553570511e-05,0,-0.11,-0.22,-0.11
2015-09-13 15:23:00,66,0.0003674446475417,0,-0.11,-0.22,-0.11
2015-09-13 15:28:00,68,0.001,0,-0.11,-0.22,-0.11
2015-09-13 15:33:00,66,0.0015404348027996,0,-0.11,-0.22,-0.11
2015-09-13 15:38:00,72,0.001,0,-0.11,-0.22,-0.11
2015-09-13 15:43:00,71,0.0085647933746548,0,-0.11,-0.22,-0.11
2015-09-13 15:48:00,69,0.0044566053780563,0,-0.11,-0.22,-0.11
2015-09-13 16:03:00,61,0.0003641560774603,0,-0.11,-0.22,-0.11
2015-09-13 16:08:00,67,0.0132686251202876,0,-0.11,-0.22,-0.11
2015-09-13 16:18:00,66,5.536764956395187e-05,0,-0.11,-0.22,-0.11
2015-09-13 16:28:00,74,0.0011984704981673,0,-0.11,-0.22,-0.11
2015-09-13 16:48:00,65,0.0080151880366503,0,-0.11,-0.22,-0.11
2015-09-13 16:53:00,69,0.003111637028697,0,-0.11,-0.22,-0.11
2015-09-13 16:58:00,64,0.0001221425089018,0,-0.11,-0.22,-0.11
2015-09-13 17:03:00,67,0.0053426162830731,0,-0.11,-0.22,-0.11
2015-09-13 17:13:00,69,0.0006197000265133,0,-0.11,-0.22,-0.11
2015-09-13 17:18:00,62,5.4238941272069855e-05,0,-0.11,-0.22,-0.11
2015-09-13 17:23:00,63,0.0114313292828128,0,-0.11,-0.22,-0.11
2015-09-13 17:43:00,73,0.005184036308113,0,-0.11,-0.22,-0.11
2015-09-13 17:48:00,64,0.0087739581014985,0,-0.11,-0.22,-0.11
2015-09-13 17:53:00,67,0.0034352793254248,0,-0.11,-0.22,-0.11
2015-09-13 17:58:00,65,3.2142035072391834e-05,0,-0.11,-0.22,-0.11
2015-09-13 18:08:00,67,0.0009222848111707,0,-0.11,-0.22,-0.11
2015-09-13 18:18:00,65,0.000124191596471,0,-0.11,-0.22,-0.11
2015-09-13 18:23:00,74,0.0006177460980502,0,-0.11,-0.22,-0.11
2015-09-13 18:33:00,65,0.0120573516709929,0,-0.11,-0.22,-0.11
2015-09-13 18:38:00,70,0.0018901904767211,0,-0.11,-0.22,-0.11
2015-09-13 18:43:00,70,0.0020266510772472,0,-0.11,-0.22,-0.11
2015-09-13 18:48:00,69,0.0017130383829436,0,-0.11,-0.22,-0.11
2015-09-13 18:58:00,69,0.0001987454166914,0,-0.11,-0.22,-0.11
2015-09-13 19:08:00,63,4.62206960763235e-05,0,-0.11,-0.22,-0.11
2015-09-13 19:13:00,63,0.0069259080218209,0,-0.11,-0.22,-0.11
2015-09-13 19:33:00,65,0.0054450594109745,0,-0.11,-0.22,-0.11
2015-09-13 19:43:00,56,0.0012651281687905,0,-0.11,-0.22,-0.11
2015-09-13 19:48:00,69,0.0310932382443822,0,-0.11,-0.22,-0.11
2015-09-13 20:13:00,63,0.0024736942322478,0,-0.11,-0.22,-0.11
2015-09-13 20:33:00,66,0.0032389343100006,0,-0.11,-0.22,-0.11
2015-09-13 20:43:00,66,0.001,0,-0.11,-0.22,-0.11
2015-09-13 20:48:00,64,0.0001042460853733,0,-0.11,-0.22,-0.11
2015-09-13 21:08:00,68,0.0001728505561528,0,-0.11,-0.22,-0.11
2015-09-13 21:28:00,55,0.0021547388787402,0,-0.11,-0.22,-0.11
2015-09-13 22:48:00,75,0.0275281037277952,0,-0.11,-0.22,-0.11
2015-09-13 22:53:00,69,0.0256521498196339,0,-0.11,-0.22,-0.11
2015-09-13 23:33:00,62,0.0026151382846574,0,-0.11,-0.22,-0.11
2015-09-14 00:33:00,68,0.0044679551829099,0,-0.11,-0.22,-0.11
2015-09-14 05:53:00,66,0.0014854744461581,0,-0.11,-0.22,-0.11
2015-09-14 06:18:00,66,0.001,0,-0.11,-0.22,-0.11
2015-09-14 06:28:00,75,3.471317034765183e-05,0,-0.11,-0.22,-0.11
2015-09-14 06:48:00,65,0.0181608130075455,0,-0.11,-0.22,-0.11
2015-09-14 06:53:00,68,0.0021213307369418,0,-0.11,-0.22,-0.11
2015-09-14 06:58:00,71,4.288637633694952e-05,0,-0.11,-0.22,-0.11
2015-09-14 07:08:00,69,0.0016781876247034,0,-0.11,-0.22,-0.11
2015-09-14 07:28:00,67,0.001,0,-0.11,-0.22,-0.11
2015-09-14 07:33:00,68,0.0010086084082693,0,-0.11,-0.22,-0.11
2015-09-14 07:38:00,67,0.0003056269542277,0,-0.11,-0.22,-0.11
2015-09-14 07:48:00,71,0.0009557471958136,0,-0.11,-0.22,-0.11
2015-09-14 07:58:00,67,0.0003584346032895,0,-0.11,-0.22,-0.11
2015-09-14 08:13:00,65,0.0014982003802914,0,-0.11,-0.22,-0.11
2015-09-14 08:28:00,66,0.0052152707087397,0,-0.11,-0.22,-0.11
2015-09-14 08:33:00,64,0.0028099551268793,0,-0.11,-0.22,-0.11
2015-09-14 08:48:00,60,0.0053672369331977,0,-0.11,-0.22,-0.11
2015-09-14 08:53:00,69,0.0143332590548568,0,-0.11,-0.22,-0.11
2015-09-14 09:03:00,66,0.0026185083362734,0,-0.11,-0.22,-0.11
2015-09-14 09:08:00,73,0.001,0,-0.11,-0.22,-0.11
2015-09-14 09:13:00,70,0.0124526244671974,0,-0.11,-0.22,-0.11
2015-09-14 09:23:00,72,0.002741620268157,0,-0.11,-0.22,-0.11
2015-09-14 09:28:00,62,0.003427779397343,0,-0.11,-0.22,-0.11
2015-09-14 09:33:00,70,0.0081821292561645,0,-0.11,-0.22,-0.11
2015-09-14 09:38:00,69,0.0017602143068558,0,-0.11,-0.22,-0.11
2015-09-14 09:43:00,69,0.0002564856959589,0,-0.11,-0.22,-0.11
2015-09-14 09:48:00,69,0.000284725315583,0,-0.11,-0.22,-0.11
2015-09-14 09:53:00,71,8.057661837461571e-05,0,-0.11,-0.22,-0.11
2015-09-14 09:58:00,68,0.0018899458629694,0,-0.11,-0.22,-0.11
2015-09-14 10:13:00,63,0.001084434390867,0,-0.11,-0.22,-0.11
2015-09-14 10:18:00,68,0.0095197107724691,0,-0.11,-0.22,-0.11
2015-09-14 10:23:00,68,0.001,0,-0.11,-0.22,-0.11
2015-09-14 10:28:00,66,0.0001501428831116,0,-0.11,-0.22,-0.11
2015-09-14 10:33:00,70,0.0013410400061597,0,-0.11,-0.22,-0.11
2015-09-14 10:43:00,70,0.0005862549079472,0,-0.11,-0.22,-0.11
2015-09-14 10:48:00,65,3.910267258394558e-05,0,-0.11,-0.22,-0.11
2015-09-14 11:03:00,74,0.0030677473548061,0,-0.11,-0.22,-0.11
2015-09-14 11:13:00,67,0.0063935305394058,0,-0.11,-0.22,-0.11
2015-09-14 11:18:00,64,0.0018404379413957,0,-0.11,-0.22,-0.11
2015-09-14 11:23:00,70,0.0056077251589556,0,-0.11,-0.22,-0.11
2015-09-14 11:28:00,70,0.0008284994209613,0,-0.11,-0.22,-0.11
2015-09-14 11:33:00,66,0.0003680668019559,0,-0.11,-0.22,-0.11
2015-09-14 11:43:00,67,0.0020407441248551,0,-0.11,-0.22,-0.11
2015-09-14 12:03:00,63,0.0007971044464227,0,-0.11,-0.22,-0.11
2015-09-14 12:08:00,70,0.0063094492988884,0,-0.11,-0.22,-0.11
2015-09-14 12:13:00,63,0.0020491187567985,0,-0.11,-0.22,-0.11
2015-09-14 12:23:00,71,0.0047466149824405,0,-0.11,-0.22,-0.11
2015-09-14 12:28:00,62,0.0048934382386447,0,-0.11,-0.22,-0.11
2015-09-14 12:38:00,67,0.0063810613828462,0,-0.11,-0.22,-0.11
2015-09-14 12:43:00,68,0.001,0,-0.11,-0.22,-0.11
2015-09-14 12:48:00,73,0.0002426216203118,0,-0.11,-0.22,-0.11
2015-09-14 12:53:00,67,0.0060888956178195,0,-0.11,-0.22,-0.11
2015-09-14 13:15:00,65,0.0004618749073192,0,-0.11,-0.22,-0.11
2015-09-14 13:20:00,63,0.0022174211687529,0,-0.11,-0.22,-0.11
2015-09-14 13:25:00,72,0.0035067253583159,0,-0.11,-0.22,-0.11
2015-09-14 13:35:00,65,0.0051555297715473,0,-0.11,-0.22,-0.11
2015-09-14 13:40:00,64,0.0022370671380857,0,-0.11,-0.22,-0.11
2015-09-14 13:45:00,71,0.0030051002867503,0,-0.11,-0.22,-0.11
2015-09-14 13:50:00,66,0.0029654322924985,0,-0.11,-0.22,-0.11
2015-09-14 13:55:00,59,0.0010361825545037,0,-0.11,-0.22,-0.11
2015-09-14 14:15:00,57,0.0165825481321398,0,-0.11,-0.22,-0.11
2015-09-14 14:20:00,66,0.0194847818965118,0,-0.11,-0.22,-0.11
2015-09-14 14:25:00,71,0.0002939337238063,0,-0.11,-0.22,-0.11
2015-09-14 14:35:00,69,0.0086853244479285,0,-0.11,-0.22,-0.11
2015-09-14 14:40:00,67,0.0025550608120809,0,-0.11,-0.22,-0.11
2015-09-14 14:45:00,66,5.978881830099654e-05,0,-0.11,-0.22,-0.11
2015-09-14 14:50:00,67,7.12403732703628e-05,0,-0.11,-0.22,-0.11
2015-09-14 14:55:00,65,0.0001686669137027,0,-0.11,-0.22,-0.11
2015-09-14 15:00:00,70,0.0008562849325368,0,-0.11,-0.22,-0.11
2015-09-14 15:10:00,66,0.0033651064412503,0,-0.11,-0.22,-0.11
2015-09-14 15:15:00,66,0.000103226427897,0,-0.11,-0.22,-0.11
2015-09-14 15:20:00,61,0.0003560100520431,0,-0.11,-0.22,-0.11
2015-09-14 15:30:00,68,0.0091416049131259,0,-0.11,-0.22,-0.11
2015-09-14 15:35:00,69,0.0008281294518355,0,-0.11,-0.22,-0.11
2015-09-14 15:40:00,63,0.0012849746113383,0,-0.11,-0.22,-0.11
2015-09-14 15:50:00,67,0.003327520871598,0,-0.11,-0.22,-0.11
2015-09-14 15:55:00,66,0.001,0,-0.11,-0.22,-0.11
2015-09-14 16:00:00,65,0.001,0,-0.11,-0.22,-0.11
2015-09-14 16:05:00,67,0.0008212362453254,0,-0.11,-0.22,-0.11
2015-09-14 16:20:00,65,0.0002198552292076,0,-0.11,-0.22,-0.11
2015-09-14 16:25:00,66,0.0006365688370232,0,-0.11,-0.22,-0.11
2015-09-14 16:30:00,65,5.402662373747145e-05,0,-0.11,-0.22,-0.11
2015-09-14 16:35:00,64,0.0007125222424677,0,-0.11,-0.22,-0.11
2015-09-14 16:40:00,66,0.000812980809149,0,-0.11,-0.22,-0.11
2015-09-14 16:45:00,62,0.0001228653767006,0,-0.11,-0.22,-0.11
2015-09-14 16:50:00,65,0.0028245155226086,0,-0.11,-0.22,-0.11
2015-09-14 16:55:00,67,7.320450809098123e-05,0,-0.11,-0.22,-0.11
2015-09-14 17:00:00,59,0.001006013974068,0,-0.11,-0.22,-0.11
2015-09-14 17:05:00,36,0.0097699306053757,0,-0.11,-0.22,-0.11
2015-09-14 17:10:00,21,0.2305018018299218,0,-0.11,-0.22,-0.11
2015-09-14 17:15:00,52,0.516506580984291,0,-0.11,-0.22,-0.11
2015-09-14 17:20:00,60,0.0209578406415635,0,-0.11,-0.22,-0.11
2015-09-14 17:25:00,51,4.087623512134217e-05,0,-0.11,-0.22,-0.11
2015-09-14 17:30:00,68,0.0235357168361586,0,-0.11,-0.22,-0.11
2015-09-14 17:35:00,60,0.0218377910035316,0,-0.11,-0.22,-0.11
2015-09-14 17:40:00,42,0.001,0,-0.11,-0.22,-0.11
2015-09-14 17:45:00,65,0.1016924474158715,0,-0.11,-0.22,-0.11
2015-09-14 17:50:00,59,0.0084709974758731,0,-0.11,-0.22,-0.11
2015-09-14 17:55:00,69,0.0003116978027564,0,-0.11,-0.22,-0.11
2015-09-14 18:00:00,68,0.0231484721386109,0,-0.11,-0.22,-0.11
2015-09-14 18:05:00,66,0.0143391672282058,0,-0.11,-0.22,-0.11
2015-09-14 18:10:00,66,0.0051820644056654,0,-0.11,-0.22,-0.11
2015-09-14 18:20:00,66,0.0033753866907408,0,-0.11,-0.22,-0.11
2015-09-14 18:25:00,68,0.0022595372484947,0,-0.11,-0.22,-0.11
2015-09-14 18:30:00,67,0.0041561232763371,0,-0.11,-0.22,-0.11
2015-09-14 18:35:00,67,0.0012559262935055,0,-0.11,-0.22,-0.11
2015-09-14 18:45:00,65,0.0007942931713816,0,-0.11,-0.22,-0.11
2015-09-14 18:50:00,66,0.0001775738077504,0,-0.11,-0.22,-0.11
2015-09-14 19:01:00,68,0.001,0,-0.11,-0.22,-0.11
2015-09-14 19:05:00,68,0.0006124017294822,0,-0.11,-0.22,-0.11
2015-09-14 19:15:00,66,0.0002655872416282,0,-0.11,-0.22,-0.11
2015-09-14 19:20:00,69,0.000500496652036,0,-0.11,-0.22,-0.11
2015-09-14 19:30:00,64,0.0004248234716055,0,-0.11,-0.22,-0.11
2015-09-14 19:35:00,68,0.0044910777096465,0,-0.11,-0.22,-0.11
2015-09-14 19:45:00,65,3.046208593161755e-05,0,-0.11,-0.22,-0.11
2015-09-14 20:00:00,65,0.0035015296549335,0,-0.11,-0.22,-0.11
2015-09-14 20:10:00,66,0.0024272421444337,0,-0.11,-0.22,-0.11
2015-09-14 20:15:00,58,0.0010735288545644,0,-0.11,-0.22,-0.11
2015-09-14 20:20:00,71,0.0216670100309305,0,-0.11,-0.22,-0.11
2015-09-14 20:25:00,61,0.0151818474750924,0,-0.11,-0.22,-0.11
2015-09-14 20:30:00,72,0.0014410681757514,0,-0.11,-0.22,-0.11
2015-09-14 20:35:00,64,0.0199130050419945,0,-0.11,-0.22,-0.11
2015-09-14 20:40:00,64,0.000168956723153,0,-0.11,-0.22,-0.11
2015-09-14 20:45:00,67,0.0002746140163274,0,-0.11,-0.22,-0.11
2015-09-14 20:50:00,65,0.0013926216782808,0,-0.11,-0.22,-0.11
2015-09-14 21:30:00,65,0.0001330498031374,0,-0.11,-0.22,-0.11
2015-09-14 21:35:00,65,0.001,0,-0.11,-0.22,-0.11
2015-09-14 21:45:00,74,4.686315998199561e-05,0,-0.11,-0.22,-0.11
2015-09-14 22:06:00,61,0.0166868696163445,0,-0.11,-0.22,-0.11
2015-09-14 22:21:00,60,0.0079515514121262,0,-0.11,-0.22,-0.11
2015-09-14 22:30:00,64,0.0107027025526231,0,-0.11,-0.22,-0.11
2015-09-14 22:40:00,66,0.0007299314048539,0,-0.11,-0.22,-0.11
2015-09-14 22:45:00,66,0.0001128355464015,0,-0.11,-0.22,-0.11
2015-09-14 22:50:00,70,9.0249886635503e-05,0,-0.11,-0.22,-0.11
2015-09-15 03:45:00,62,0.0047121360049829,0,-0.11,-0.22,-0.11
2015-09-15 04:10:00,64,0.0047430440138516,0,-0.11,-0.22,-0.11
2015-09-15 04:31:00,61,0.0007225606592736,0,-0.11,-0.22,-0.11
2015-09-15 04:55:00,90,0.0049963428346308,0,-0.11,-0.22,-0.11
2015-09-15 05:26:00,60,0.1414725383734993,0,-0.11,-0.22,-0.11
2015-09-15 05:31:00,66,0.0197624921492034,0,-0.11,-0.22,-0.11
2015-09-15 05:41:00,63,0.0010692757573367,0,-0.11,-0.22,-0.11
2015-09-15 05:46:00,76,0.0068000944478192,0,-0.11,-0.22,-0.11
2015-09-15 05:51:00,56,0.0155333549540333,0,-0.11,-0.22,-0.11
2015-09-15 06:05:00,72,0.0455566694137736,0,-0.11,-0.22,-0.11
2015-09-15 06:45:00,66,0.005175671526896,0,-0.11,-0.22,-0.11
2015-09-15 07:06:00,67,0.002089715305817,0,-0.11,-0.22,-0.11
2015-09-15 07:11:00,63,0.0002042064382634,0,-0.11,-0.22,-0.11
2015-09-15 07:16:00,67,0.0063179911087134,0,-0.11,-0.22,-0.11
2015-09-15 07:21:00,70,3.487918630033749e-05,0,-0.11,-0.22,-0.11
2015-09-15 07:26:00,70,0.0018078692259067,0,-0.11,-0.22,-0.11
2015-09-15 07:31:00,71,0.0003283026543436,0,-0.11,-0.22,-0.11
2015-09-15 07:46:00,62,0.0020894982387897,0,-0.11,-0.22,-0.11
2015-09-15 07:51:00,69,0.0130116947398378,0,-0.11,-0.22,-0.11
2015-09-15 07:56:00,67,0.0007874423327767,0,-0.11,-0.22,-0.11
2015-09-15 08:11:00,66,0.0001013763954736,0,-0.11,-0.22,-0.11
2015-09-15 08:21:00,65,0.000685067782532,0,-0.11,-0.22,-0.11
2015-09-15 08:26:00,61,0.0012557528757171,0,-0.11,-0.22,-0.11
2015-09-15 08:31:00,68,0.0086200783971897,0,-0.11,-0.22,-0.11
2015-09-15 08:41:00,66,0.0008671337691761,0,-0.11,-0.22,-0.11
2015-09-15 08:46:00,67,0.0001299224719795,0,-0.11,-0.22,-0.11
2015-09-15 08:51:00,66,0.000634050524614,0,-0.11,-0.22,-0.11
2015-09-15 08:56:00,66,3.384535180546697e-05,0,-0.11,-0.22,-0.11
2015-09-15 09:01:00,70,0.001,0,-0.11,-0.22,-0.11
2015-09-15 09:06:00,71,0.0043330864256206,0,-0.11,-0.22,-0.11
2015-09-15 09:16:00,65,0.0044190402721124,0,-0.11,-0.22,-0.11
2015-09-15 09:21:00,63,0.0018204846120556,0,-0.11,-0.22,-0.11
2015-09-15 09:31:00,63,0.0033493885480115,0,-0.11,-0.22,-0.11
2015-09-15 09:36:00,63,0.0024379249812627,0,-0.11,-0.22,-0.11
2015-09-15 09:41:00,62,0.0022681166196839,0,-0.11,-0.22,-0.11
2015-09-15 09:46:00,65,0.0050089249985105,0,-0.11,-0.22,-0.11
2015-09-15 09:51:00,61,0.001,0,-0.11,-0.22,-0.11
2015-09-15 10:01:00,72,0.0038631051459727,0,-0.11,-0.22,-0.11
2015-09-15 10:16:00,67,0.0141554815757615,0,-0.11,-0.22,-0.11
2015-09-15 10:26:00,66,0.0001153013398408,0,-0.11,-0.22,-0.11
2015-09-15 10:31:00,74,0.0001741889554018,0,-0.11,-0.22,-0.11
2015-09-15 10:36:00,66,0.0126546188464549,0,-0.11,-0.22,-0.11
2015-09-15 10:41:00,70,0.0002539173195824,0,-0.11,-0.22,-0.11
2015-09-15 10:46:00,67,0.0019583068400741,0,-0.11,-0.22,-0.11
2015-09-15 11:06:00,68,6.663352505469675e-05,0,-0.11,-0.22,-0.11
2015-09-15 11:11:00,66,0.001,0,-0.11,-0.22,-0.11
2015-09-15 11:16:00,65,0.0016582123312583,0,-0.11,-0.22,-0.11
2015-09-15 11:21:00,60,0.0027640983155015,0,-0.11,-0.22,-0.11
2015-09-15 11:31:00,66,0.0163038754446503,0,-0.11,-0.22,-0.11
2015-09-15 11:36:00,67,6.975983245360927e-05,0,-0.11,-0.22,-0.11
2015-09-15 11:41:00,66,0.001,0,-0.11,-0.22,-0.11
2015-09-15 11:46:00,67,0.0002457560870131,0,-0.11,-0.22,-0.11
2015-09-15 11:51:00,66,0.001,0,-0.11,-0.22,-0.11
2015-09-15 11:56:00,67,0.0001004001372079,0,-0.11,-0.22,-0.11
2015-09-15 12:06:00,69,0.0001945683462261,0,-0.11,-0.22,-0.11
2015-09-15 12:11:00,69,0.001275925185003,0,-0.11,-0.22,-0.11
2015-09-15 12:16:00,71,0.0013534387444694,0,-0.11,-0.22,-0.11
2015-09-15 12:21:00,64,0.0034814992629742,0,-0.11,-0.22,-0.11
2015-09-15 12:26:00,69,0.0034002228423501,0,-0.11,-0.22,-0.11
2015-09-15 12:31:00,68,0.0005098082881952,0,-0.11,-0.22,-0.11
2015-09-15 12:36:00,67,4.5733002117251935e-05,0,-0.11,-0.22,-0.11
2015-09-15 12:41:00,66,0.0005070410576836,0,-0.11,-0.22,-0.11
2015-09-15 12:46:00,68,0.0006256844766774,0,-0.11,-0.22,-0.11
2015-09-15 12:51:00,72,0.0001304017540655,0,-0.11,-0.22,-0.11
2015-09-15 12:56:00,66,0.0042507737130595,0,-0.11,-0.22,-0.11
2015-09-15 13:01:00,62,0.0013574871571733,0,-0.11,-0.22,-0.11
2015-09-15 13:06:00,71,0.0085315103276024,0,-0.11,-0.22,-0.11
2015-09-15 13:11:00,74,0.0028437810484148,0,-0.11,-0.22,-0.11
2015-09-15 13:16:00,65,0.0077030320067887,0,-0.11,-0.22,-0.11
2015-09-15 13:21:00,61,0.0059022465517955,0,-0.11,-0.22,-0.11
2015-09-15 13:26:00,63,0.0140105450205656,1,1.0,1.0,1.0
2015-09-15 13:31:00,66,0.005089773521579,1,0.9974673237743696,0.9974673237743696,0.9974673237743695
2015-09-15 13:36:00,63,0.000533172052956,1,0.9944663453837748,0.9944663453837748,0.9944663453837747
2015-09-15 13:41:00,60,0.0032134973306272,1,0.9909122971351696,0.9909122971351696,0.9909122971351695
2015-09-15 13:46:00,59,0.0096920083449238,1,0.9867058058954474,0.9867058058954474,0.9867058058954474
2015-09-15 13:51:00,60,0.0089456379669522,1,0.9817306754801916,0.9817306754801916,0.9817306754801916
2015-09-15 13:54:00,56,0.0041814787343421,1,0.9758514550893066,0.9758514550893066,0.9758514550893066
2015-09-15 13:59:00,49,0.0139260259016817,1,0.9689108275010176,0.9689108275010176,0.9689108275010175
2015-09-15 14:04:00,43,0.0506308133856992,1,0.9607268814309669,0.9607268814309669,0.9607268814309669
2015-09-15 14:09:00,59,0.1000525697587233,1,0.9510903752891,0.9510903752891,0.9510903752891001
2015-09-15 14:14:00,51,0.0005174542928959,1,0.939762157354885,0.939762157354885,0.939762157354885
2015-09-15 14:19:00,42,0.0257350117482084,1,0.9264709826944568,0.9264709826944568,0.9264709826944568
2015-09-15 14:24:00,25,0.0998925995273118,1,0.9109120614477282,0.9109120614477282,0.9109120614477282
2015-09-15 14:29:00,10,0.3823798998599649,1,0.8927467855469282,0.8927467855469282,0.8927467855469282
2015-09-15 14:34:00,8,0.7949628920715249,1,0.8716042063328711,0.8716042063328711,0.8716042063328711
2015-09-15 14:39:00,46,0.8527809521113991,1,0.8470849618628639,0.8470849618628639,0.8470849618628639
2015-09-15 14:44:00,65,0.0512499589517169,1,0.8187684579182891,0.8187684579182891,0.8187684579182891
2015-09-15 14:49:00,68,0.0140417846374314,1,0.7862241558438429,0.7862241558438429,0.7862241558438429
2015-09-15 14:54:00,67,0.0278676721047346,1,0.7490277640043964,0.7490277640043964,0.7490277640043964
2015-09-15 14:59:00,64,0.020016492113993,1,0.7067829063330667,0.7067829063330667,0.7067829063330667
2015-09-15 15:04:00,67,0.0062818122199084,1,0.6591483866450579,0.6591483866450579,0.6591483866450579
2015-09-15 15:09:00,62,0.0149116125135851,1,0.605870432503202,0.605870432503202,0.605870432503202
2015-09-15 15:14:00,66,0.0007355157816753,1,0.5468182846288978,0.5468182846288978,0.5468182846288978
2015-09-15 15:24:00,68,0.008026046604415,1,0.4820202769740843,0.4820202769740843,0.48202027697408434
2015-09-15 15:34:00,65,0.0120009005418646,1,0.4116963226465555,0.4116963226465555,0.41169632264655553
2015-09-15 15:39:00,65,0.0020963730663005,1,0.3362817953471616,0.3362817953471616,0.3362817953471616
2015-09-15 15:44:00,68,0.0016526277915995,1,0.2564375619608148,0.2564375619608148,0.2564375619608148
2015-09-15 15:49:00,66,0.0065691207758111,1,0.1730417302911223,0.1730417302911223,0.1730417302911223
2015-09-15 15:54:00,64,0.0015099322669916,1,0.0871606838341291,0.0871606838341291,0.08716068383412914
2015-09-15 15:59:00,64,0.0014735505586555,0,-0.0097954129172748,-0.0195908258345496,-0.00979541291727483
2015-09-15 16:04:00,63,0.001062273830654,0,-0.0194366974592379,-0.0388733949184758,-0.019436697459237925
2015-09-15 16:09:00,63,8.65842330821817e-05,0,-0.0287792756631554,-0.0575585513263109,-0.02877927566315547
2015-09-15 16:14:00,67,0.0001160044950938,0,-0.0376964397662005,-0.0753928795324011,-0.03769643976620059
2015-09-15 16:19:00,63,0.0011376932420539,0,-0.0460854755822227,-0.0921709511644455,-0.04608547558222279
2015-09-15 16:24:00,66,0.0025288099057843,0,-0.0538710690471103,-0.1077421380942206,-0.05387106904711034
2015-09-15 16:29:00,67,4.449102972164991e-05,0,-0.061005969458432,-0.1220119389168641,-0.06100596945843206
2015-09-15 16:34:00,65,0.0008374704064328,0,-0.067469298643492,-0.1349385972869841,-0.06746929864349208
2015-09-15 16:39:00,65,0.001,0,-0.073263152985424,-0.146526305970848,-0.07326315298542403
2015-09-15 16:44:00,64,0.0001612281266751,0,-0.0784082268753388,-0.1568164537506776,-0.0784082268753388
2015-09-15 16:49:00,69,0.001,0,-0.0829391237519836,-0.1658782475039672,-0.0829391237519836
2015-09-15 16:54:00,65,0.0077748904306522,0,-0.0868998712955417,-0.1737997425910834,-0.08689987129554173
2015-09-15 16:59:00,65,0.0009476732933266,0,-0.0903399778531955,-0.1806799557063911,-0.09033997785319557
2015-09-15 17:04:00,62,0.0029317581314714,0,-0.0933112003953264,-0.1866224007906528,-0.09331120039532642
2015-09-15 17:09:00,57,0.001,0,-0.0958650635622034,-0.1917301271244068,-0.09586506356220341
2015-09-15 17:14:00,52,0.0068804623546999,0,-0.098051081450819,-0.1961021629016381,-0.09805108145081906
2015-09-15 17:19:00,51,0.0288705856413424,0,-0.0999155847573683,-0.1998311695147367,-0.09991558475736836
2015-09-15 17:24:00,62,0.0331353985659318,0,-0.101501036745009,-0.2030020734900181,-0.10150103674500907
2015-09-15 17:29:00,59,0.0001411176159878,0,-0.1028457223385171,-0.2056914446770343,-0.10284572233851715
2015-09-15 17:39:00,68,0.0018712759189755,0,-0.1039837069048397,-0.2079674138096795,-0.10398370690483977
2015-09-15 17:44:00,64,0.0118809017235513,0,-0.1049449786197943,-0.2098899572395887,-0.10494497861979436
2015-09-15 17:49:00,65,0.0011831766746791,0,-0.1057557066006469,-0.2115114132012938,-0.1057557066006469
2015-09-15 17:54:00,66,0.0024425007494544,0,-0.1064385638365199,-0.2128771276730398,-0.1064385638365199
2015-09-15 17:59:00,67,0.0034375591875733,0,-0.1070130782723762,-0.2140261565447525,-0.10701307827237624
2015-09-15 18:04:00,63,0.0049465801367308,0,-0.1074959868995426,-0.2149919737990852,-0.10749598689954264
2015-09-15 18:14:00,59,4.831181952977877e-05,0,-0.1079015765300936,-0.2158031530601872,-0.1079015765300936
2015-09-15 18:19:00,68,0.0058217769816801,0,-0.1082420014507156,-0.2164840029014312,-0.1082420014507156
2015-09-15 18:24:00,66,0.0055610876510612,0,-0.1085275727966573,-0.2170551455933146,-0.10852757279665734
2015-09-15 18:29:00,66,0.0008503740995174,0,-0.1087670176754879,-0.2175340353509758,-0.1087670176754879
2015-09-15 18:34:00,65,0.0004309481151662,0,-0.1089677081675022,-0.2179354163350045,-0.10896770816750229
2015-09-15 18:39:00,64,0.001,0,-0.1091358616325579,-0.2182717232651159,-0.10913586163255799
2015-09-15 18:44:00,70,0.0003067010536368,0,-0.1092767144950945,-0.218553428990189,-0.10927671449509452
2015-09-15 18:49:00,67,0.0050495148936348,0,-0.1093946720365954,-0.2187893440731909,-0.10939467203659546
2015-09-15 18:54:00,63,0.0001168019654782,0,-0.1094934368277228,-0.2189868736554457,-0.10949343682772289
2015-09-15 19:04:00,64,0.0032504631583225,0,-0.1095761183740679,-0.2191522367481359,-0.10957611837406796
2015-09-15 19:09:00,65,0.0017084383558684,0,-0.1096453263953242,-0.2192906527906484,-0.10964532639532422
2015-09-15 19:14:00,64,0.0004252077558776,0,-0.1097032499524269,-0.2194064999048539,-0.10970324995242696
2015-09-15 19:19:00,60,0.0013586182207589,0,-0.1097517244105547,-0.2195034488211095,-0.10975172441055475
2015-09-15 19:24:00,65,0.0089320184875407,0,-0.1097922879969376,-0.2195845759938753,-0.10979228799693766
2015-09-15 19:29:00,69,0.001,0,-0.1098262294928179,-0.2196524589856359,-0.10982622949281798
2015-09-15 19:34:00,63,0.0035123833549818,0,-0.1098546283952466,-0.2197092567904933,-0.10985462839524666
2015-09-15 19:39:00,59,0.0019238134081129,0,-0.1098783886998768,-0.2197567773997536,-0.1098783886998768
2015-09-15 19:44:00,69,0.0113673417241877,0,-0.1098982672915445,-0.2197965345830891,-0.10989826729154455
2015-09-15 19:49:00,60,0.0053139009407121,0,-0.1099148977848586,-0.2198297955697173,-0.10991489778485865
2015-09-15 19:54:00,60,0.0055744244583192,0,-0.1099288105311008,-0.2198576210622016,-0.10992881053110082
2015-09-15 19:59:00,59,0.0031596668567856,0,-0.1099404493988959,-0.2198808987977919,-0.10994044939889597
2015-09-15 20:09:00,62,0.0034603575441901,0,-0.1099501858425959,-0.2199003716851919,-0.10995018584259597
2015-09-15 20:14:00,61,0.001,0,-0.1099583306923584,-0.2199166613847169,-0.10995833069235847
2015-09-15 20:24:00,58,0.0004968645119139,0,-0.1099651440317974,-0.2199302880635948,-0.10996514403179744
2015-09-15 20:29:00,63,0.0053318116033616,0,-0.1099708434712574,-0.2199416869425148,-0.10997084347125743
2015-09-15 20:34:00,65,0.0003281381644703,0,-0.109975611075793,-0.219951222151586,-0.10997561107579303
2015-09-15 20:49:00,57,0.002006475070082,0,-0.1099795991655534,-0.2199591983311069,-0.10997959916555348
2015-09-15 20:54:00,62,0.0081058745974255,0,-0.1099829351713611,-0.2199658703427222,-0.10998293517136111
2015-09-15 20:59:00,62,0.001,0,-0.1099857256988634,-0.2199714513977268,-0.10998572569886343
2015-09-15 21:04:00,62,0.001,0,-0.109988059929895,-0.21997611985979,-0.10998805992989501
2015-09-15 21:19:00,64,0.001,0,-0.1099900124688854,-0.2199800249377709,-0.10999001246888546
2015-09-15 21:29:00,63,0.0011511880295759,0,-0.1099916457246811,-0.2199832914493622,-0.10999164572468113
2015-09-15 22:09:00,57,0.0002481674828143,0,-0.1099930119034856,-0.2199860238069713,-0.10999301190348569
2015-09-15 22:34:00,59,0.0083041248491527,0,-0.1099941546763259,-0.2199883093526519,-0.10999415467632598
2015-09-15 22:39:00,63,0.0024747809206985,0,-0.1099951105741371,-0.2199902211482742,-0.10999511057413713
2015-09-15 22:44:00,67,0.0004044818517833,0,-0.1099959101549179,-0.2199918203098358,-0.1099959101549179
2015-09-15 23:19:00,65,0.0070756733984242,0,-0.109996578980166,-0.219993157960332,-0.10999657898016602
2015-09-15 23:24:00,61,0.0017612941998879,0,-0.1099971384317373,-0.2199942768634747,-0.10999713843173738
2015-09-15 23:29:00,61,0.0010908779931861,0,-0.1099976063951939,-0.2199952127903878,-0.10999760639519393
2015-09-15 23:34:00,60,0.0008387110603669,0,-0.1099979978314515,-0.2199959956629031,-0.10999799783145155
2015-09-16 00:49:00,67,0.0017667841735662,0,-0.1099983252549795,-0.219996650509959,-0.10999832525497952
2015-09-16 01:44:00,57,0.0055623465152173,0,-0.1099985991338226,-0.2199971982676452,-0.1099985991338226
2015-09-16 02:19:00,59,0.0094728516611883,0,-0.1099988282242231,-0.2199976564484462,-0.1099988282242231
2015-09-16 03:04:00,60,0.0033455095327943,0,-0.1099990198505327,-0.2199980397010654,-0.10999901985053273
2015-09-16 04:44:00,58,0.0014354251392491,0,-0.1099991801393574,-0.2199983602787149,-0.10999918013935749
2015-09-16 05:09:00,66,0.0052190587171416,0,-0.1099993142154176,-0.2199986284308352,-0.10999931421541763
2015-09-16 05:19:00,69,0.0037399976501615,0,-0.1099994263653819,-0.2199988527307638,-0.10999942636538193
2015-09-16 05:29:00,62,0.0111874280273882,0,-0.1099995201749119,-0.2199990403498239,-0.10999952017491196
2015-09-16 05:39:00,65,0.0004044815286719,0,-0.1099995986432969,-0.2199991972865939,-0.10999959864329696
2015-09-16 05:49:00,65,0.0005336731113578,0,-0.1099996642793432,-0.2199993285586864,-0.10999966427934324
2015-09-16 06:09:00,61,0.0005655292475356,0,-0.1099997191815833,-0.2199994383631666,-0.10999971918158333
2015-09-16 06:14:00,64,0.0021216385555957,0,-0.1099997651053685,-0.2199995302107371,-0.10999976510536859
2015-09-16 06:24:00,65,3.013329632751773e-05,0,-0.1099998035189905,-0.2199996070379811,-0.10999980351899055
2015-09-16 06:39:00,65,0.0003279761199054,0,-0.1099998356506245,-0.219999671301249,-0.10999983565062453
2015-09-16 06:44:00,66,0.000250419557554,0,-0.1099998625275966,-0.2199997250551933,-0.10999986252759669
2015-09-16 06:54:00,61,0.000817201022213,0,-0.1099998850092296,-0.2199997700184593,-0.10999988500922965
2015-09-16 07:19:00,64,0.0036217947368128,0,-0.1099999038143167,-0.2199998076286334,-0.10999990381431671
2015-09-16 07:24:00,69,6.734295015719722e-05,0,-0.1099999195441033,-0.2199998390882066,-0.1099999195441033
2015-09-16 07:29:00,59,0.0048680269046237,0,-0.10999993270151,-0.2199998654030201,-0.10999993270151008
2015-09-16 07:34:00,71,0.010592293545782,0,-0.11,-0.22,-0.11
2015-09-16 07:44:00,66,0.0085371481480665,0,-0.11,-0.22,-0.11
2015-09-16 07:49:00,66,0.001,0,-0.11,-0.22,-0.11
2015-09-16 07:54:00,67,0.001,0,-0.11,-0.22,-0.11
2015-09-16 07:59:00,68,0.0001258902080652,0,-0.11,-0.22,-0.11
2015-09-16 08:04:00,64,0.0008032691676564,0,-0.11,-0.22,-0.11
2015-09-16 08:09:00,68,0.0016714427047794,0,-0.11,-0.22,-0.11
2015-09-16 08:14:00,69,0.0003729895644447,0,-0.11,-0.22,-0.11
2015-09-16 08:19:00,71,0.000466145967257,0,-0.11,-0.22,-0.11
2015-09-16 08:24:00,66,0.0022529976683606,0,-0.11,-0.22,-0.11
2015-09-16 08:29:00,70,0.0011694848241769,0,-0.11,-0.22,-0.11
2015-09-16 08:39:00,71,0.0010825325091756,0,-0.11,-0.22,-0.11
2015-09-16 08:49:00,68,0.0014322180608798,0,-0.11,-0.22,-0.11
2015-09-16 08:54:00,62,0.0004323978070879,0,-0.11,-0.22,-0.11
2015-09-16 08:59:00,67,0.0100609453513704,0,-0.11,-0.22,-0.11
2015-09-16 09:04:00,63,0.0002326629456974,0,-0.11,-0.22,-0.11
2015-09-16 09:09:00,71,0.0058950688935347,0,-0.11,-0.22,-0.11
2015-09-16 09:14:00,64,0.0032844814010563,0,-0.11,-0.22,-0.11
2015-09-16 09:24:00,70,0.0049273311813552,0,-0.11,-0.22,-0.11
2015-09-16 09:34:00,67,0.0008883475128122,0,-0.11,-0.22,-0.11
2015-09-16 09:44:00,67,8.021191224908936e-05,0,-0.11,-0.22,-0.11
2015-09-16 09:54:00,66,7.41380809314226e-05,0,-0.11,-0.22,-0.11
2015-09-16 09:59:00,61,0.0004153634948894,0,-0.11,-0.22,-0.11
2015-09-16 10:04:00,69,0.0079354628743838,0,-0.11,-0.22,-0.11
2015-09-16 10:09:00,67,0.0022156776828132,0,-0.11,-0.22,-0.11
2015-09-16 10:14:00,70,4.991688246161849e-05,0,-0.11,-0.22,-0.11
2015-09-16 10:19:00,71,0.0031546225222722,0,-0.11,-0.22,-0.11
2015-09-16 10:24:00,67,0.0036827348307162,0,-0.11,-0.22,-0.11
2015-09-16 10:29:00,59,0.001,0,-0.11,-0.22,-0.11
2015-09-16 10:34:00,69,0.0173546303613291,0,-0.11,-0.22,-0.11
2015-09-16 10:44:00,69,0.0013355411301415,0,-0.11,-0.22,-0.11
2015-09-16 10:49:00,68,0.0013604036452437,0,-0.11,-0.22,-0.11
2015-09-16 10:54:00,72,0.001,0,-0.11,-0.22,-0.11
2015-09-16 10:59:00,68,0.0044538224246236,0,-0.11,-0.22,-0.11
2015-09-16 11:04:00,62,3.583818744734395e-05,0,-0.11,-0.22,-0.11
2015-09-16 11:09:00,64,0.0099796042311911,0,-0.11,-0.22,-0.11
2015-09-16 11:14:00,66,0.0032067549779073,0,-0.11,-0.22,-0.11
2015-09-16 11:19:00,60,0.0001404502621663,0,-0.11,-0.22,-0.11
2015-09-16 11:24:00,66,0.0117080171005397,0,-0.11,-0.22,-0.11
2015-09-16 11:29:00,71,0.001,0,-0.11,-0.22,-0.11
2015-09-16 11:34:00,56,0.0049953382967046,0,-0.11,-0.22,-0.11
2015-09-16 11:39:00,63,0.0291221990137979,0,-0.11,-0.22,-0.11
2015-09-16 11:44:00,67,0.0015952671535138,0,-0.11,-0.22,-0.11
2015-09-16 11:49:00,64,0.0007718892046718,0,-0.11,-0.22,-0.11
2015-09-16 11:59:00,67,0.0001587317453771,0,-0.11,-0.22,-0.11
2015-09-16 12:04:00,62,0.002035242641772,0,-0.11,-0.22,-0.11
2015-09-16 12:14:00,65,0.0018723487030434,0,-0.11,-0.22,-0.11
2015-09-16 12:19:00,66,0.0001917760151857,0,-0.11,-0.22,-0.11
2015-09-16 12:24:00,65,0.0003417576558364,0,-0.11,-0.22,-0.11
2015-09-16 12:29:00,73,6.089055045975659e-05,0,-0.11,-0.22,-0.11
2015-09-16 12:34:00,67,0.0144809004171108,0,-0.11,-0.22,-0.11
2015-09-16 12:39:00,62,0.0001902148633878,0,-0.11,-0.22,-0.11
2015-09-16 12:44:00,68,0.0042415687029051,0,-0.11,-0.22,-0.11
2015-09-16 12:49:00,62,0.0012582060570694,0,-0.11,-0.22,-0.11
2015-09-16 12:54:00,67,0.0042978929126288,0,-0.11,-0.22,-0.11
2015-09-16 12:59:00,63,8.880884737857704e-05,0,-0.11,-0.22,-0.11
2015-09-16 13:04:00,68,0.0032641454486648,1,1.0,1.0,1.0
2015-09-16 13:09:00,69,0.0005099889618469,1,0.9974673237743696,0.9974673237743696,0.9974673237743695
2015-09-16 13:14:00,69,0.0011470289596396,1,0.9944663453837748,0.9944663453837748,0.9944663453837747
2015-09-16 13:19:00,65,0.0011679994772402,1,0.9909122971351696,0.9909122971351696,0.9909122971351695
2015-09-16 13:24:00,61,0.0007956505814748,1,0.9867058058954474,0.9867058058954474,0.9867058058954474
2015-09-16 13:29:00,73,0.010043086131409,1,0.9817306754801916,0.9817306754801916,0.9817306754801916
2015-09-16 13:34:00,66,0.0079713001384485,1,0.9758514550893066,0.9758514550893066,0.9758514550893066
2015-09-16 13:39:00,51,0.0013549413225816,1,0.9689108275010176,0.9689108275010176,0.9689108275010175
2015-09-16 13:44:00,50,0.0731038190936415,1,0.9607268814309669,0.9607268814309669,0.9607268814309669
2015-09-16 13:49:00,34,0.0617278770500229,1,0.9510903752891,0.9510903752891,0.9510903752891001
2015-09-16 13:54:00,24,0.2469428892679089,1,0.939762157354885,0.939762157354885,0.939762157354885
2015-09-16 13:59:00,7,0.4340628748371242,1,0.9264709826944568,0.9264709826944568,0.9264709826944568
2015-09-16 14:04:00,14,0.94244897441945,1,0.9109120614477282,0.9109120614477282,0.9109120614477282
2015-09-16 14:09:00,7,0.692554260929646,1,0.8927467855469282,0.8927467855469282,0.8927467855469282
2015-09-16 14:14:00,32,0.9122422928369898,1,0.8716042063328711,0.8716042063328711,0.8716042063328711
2015-09-16 14:19:00,17,0.2383332257022271,1,0.8470849618628639,0.8470849618628639,0.8470849618628639
2015-09-16 14:24:00,8,0.5775073345350326,1,0.8187684579182891,0.8187684579182891,0.8187684579182891
2015-09-16 14:29:00,6,0.8646599647421762,1,0.7862241558438429,0.7862241558438429,0.7862241558438429
2015-09-16 14:30:00,8,0.9827336300282687,1,0.7490277640043964,0.7490277640043964,0.7490277640043964
2015-09-16 14:35:00,20,0.999,1,0.7067829063330667,0.7067829063330667,0.7067829063330667
2015-09-16 14:40:00,8,0.6040106941417185,1,0.6591483866450579,0.6591483866450579,0.6591483866450579
2015-09-16 14:45:00,23,0.999,1,0.605870432503202,0.605870432503202,0.605870432503202
2015-09-16 14:50:00,74,0.5018211672154755,1,0.5468182846288978,0.5468182846288978,0.5468182846288978
2015-09-16 14:55:00,65,0.0530797713775421,1,0.4820202769740843,0.4820202769740843,0.48202027697408434
2015-09-16 15:00:00,67,0.0021504860900754,1,0.4116963226465555,0.4116963226465555,0.41169632264655553
2015-09-16 15:05:00,74,0.0046477761210571,1,0.3362817953471616,0.3362817953471616,0.3362817953471616
2015-09-16 15:10:00,59,0.0203241280293261,1,0.2564375619608148,0.2564375619608148,0.2564375619608148
2015-09-16 15:15:00,65,0.0191310345772633,1,0.1730417302911223,0.1730417302911223,0.1730417302911223
2015-09-16 15:20:00,64,3.796129722811159e-05,1,0.0871606838341291,0.0871606838341291,0.08716068383412914
2015-09-16 15:25:00,64,0.0001047224860456,0,-0.0097954129172748,-0.0195908258345496,-0.00979541291727483
2015-09-16 15:30:00,68,0.0011828685510957,0,-0.0194366974592379,-0.0388733949184758,-0.019436697459237925
2015-09-16 15:35:00,73,0.0103066323250574,0,-0.0287792756631554,-0.0575585513263109,-0.02877927566315547
2015-09-16 15:40:00,71,0.0289488359920642,0,-0.0376964397662005,-0.0753928795324011,-0.03769643976620059
2015-09-16 15:45:00,67,0.0141388192088262,0,-0.0460854755822227,-0.0921709511644455,-0.04608547558222279
2015-09-16 15:50:00,66,0.0009009239165145,0,-0.0538710690471103,-0.1077421380942206,-0.05387106904711034
2015-09-16 15:55:00,68,0.0003429605069047,0,-0.061005969458432,-0.1220119389168641,-0.06100596945843206
2015-09-16 16:00:00,65,0.0053464572229332,1,1.0,1.0,1.0
2015-09-16 16:05:00,57,0.0004697159226283,1,0.9974673237743696,0.9974673237743696,0.9974673237743695
2015-09-16 16:10:00,70,0.0279991337649664,1,0.9944663453837748,0.9944663453837748,0.9944663453837747
2015-09-16 16:15:00,66,0.0143675956519756,1,0.9909122971351696,0.9909122971351696,0.9909122971351695
2015-09-16 16:20:00,66,0.0007256514966983,1,0.9867058058954474,0.9867058058954474,0.9867058058954474
2015-09-16 16:25:00,65,0.0033044658808629,1,0.9817306754801916,0.9817306754801916,0.9817306754801916
2015-09-16 16:30:00,66,0.0018643807929881,1,0.9758514550893066,0.9758514550893066,0.9758514550893066
2015-09-16 16:35:00,64,0.001,1,0.9689108275010176,0.9689108275010176,0.9689108275010175
2015-09-16 16:40:00,55,0.001,1,0.9607268814309669,0.9607268814309669,0.9607268814309669
2015-09-16 16:45:00,30,0.0195742559369668,1,0.9510903752891,0.9510903752891,0.9510903752891001
2015-09-16 16:50:00,11,0.3218025433358961,1,0.939762157354885,0.939762157354885,0.939762157354885
2015-09-16 16:55:00,12,0.8122283495122617,1,0.9264709826944568,0.9264709826944568,0.9264709826944568
2015-09-16 17:00:00,33,0.7565867880358913,1,0.9109120614477282,0.9109120614477282,0.9109120614477282
2015-09-16 17:05:00,43,0.2245258380289967,1,0.8927467855469282,0.8927467855469282,0.8927467855469282
2015-09-16 17:10:00,1,0.0824145560431429,1,0.8716042063328711,0.8716042063328711,0.8716042063328711
2015-09-16 17:15:00,19,0.999,1,0.8470849618628639,0.8470849618628639,0.8470849618628639
2015-09-16 17:20:00,23,0.5156476487474899,1,0.8187684579182891,0.8187684579182891,0.8187684579182891
2015-09-16 17:25:00,53,0.4211786952247628,1,0.7862241558438429,0.7862241558438429,0.7862241558438429
2015-09-16 17:30:00,60,0.009820863659554,1,0.7490277640043964,0.7490277640043964,0.7490277640043964
2015-09-16 17:35:00,56,0.0003138341996062,1,0.7067829063330667,0.7067829063330667,0.7067829063330667
2015-09-16 17:40:00,44,0.0043481220871796,1,0.6591483866450579,0.6591483866450579,0.6591483866450579
2015-09-16 17:45:00,57,0.0817796058059115,1,0.605870432503202,0.605870432503202,0.605870432503202
2015-09-16 17:50:00,55,0.0020201381907318,1,0.5468182846288978,0.5468182846288978,0.5468182846288978
2015-09-16 17:55:00,63,0.0056050639256555,1,0.4820202769740843,0.4820202769740843,0.48202027697408434
2015-09-16 18:00:00,68,0.0048347886834393,1,0.4116963226465555,0.4116963226465555,0.41169632264655553
2015-09-16 18:05:00,70,0.0230201923997442,1,0.3362817953471616,0.3362817953471616,0.3362817953471616
2015-09-16 18:10:00,62,0.0291406589742727,1,0.2564375619608148,0.2564375619608148,0.2564375619608148
2015-09-16 18:15:00,66,0.000800309486838,1,0.1730417302911223,0.1730417302911223,0.1730417302911223
2015-09-16 18:20:00,67,0.0112980809347407,1,0.0871606838341291,0.0871606838341291,0.08716068383412914
2015-09-16 18:25:00,68,0.0170764711095757,0,-0.0097954129172748,-0.0195908258345496,-0.00979541291727483
2015-09-16 18:30:00,67,0.0226836070045606,0,-0.0194366974592379,-0.0388733949184758,-0.019436697459237925
2015-09-16 18:35:00,66,0.0171563857111051,0,-0.0287792756631554,-0.0575585513263109,-0.02877927566315547
2015-09-16 18:40:00,68,0.012440918490651,0,-0.0376964397662005,-0.0753928795324011,-0.03769643976620059
2015-09-16 18:45:00,69,0.0172894847542807,0,-0.0460854755822227,-0.0921709511644455,-0.04608547558222279
2015-09-16 18:50:00,68,0.0204853139843253,0,-0.0538710690471103,-0.1077421380942206,-0.05387106904711034
2015-09-16 18:55:00,71,0.004921833124434,0,-0.061005969458432,-0.1220119389168641,-0.06100596945843206
2015-09-16 19:05:00,67,0.0095080799649645,0,-0.067469298643492,-0.1349385972869841,-0.06746929864349208
2015-09-16 19:10:00,64,0.0004240882324507,0,-0.073263152985424,-0.146526305970848,-0.07326315298542403
2015-09-16 19:15:00,64,0.0010497009256804,0,-0.0784082268753388,-0.1568164537506776,-0.0784082268753388
2015-09-16 19:25:00,64,0.002153385860798,0,-0.0829391237519836,-0.1658782475039672,-0.0829391237519836
2015-09-16 19:30:00,63,0.0001219407352532,0,-0.0868998712955417,-0.1737997425910834,-0.08689987129554173
2015-09-16 19:35:00,65,3.527394470284285e-05,0,-0.0903399778531955,-0.1806799557063911,-0.09033997785319557
2015-09-16 19:40:00,64,0.0020267924997144,0,-0.0933112003953264,-0.1866224007906528,-0.09331120039532642
2015-09-16 19:45:00,65,0.0011407671494347,0,-0.0958650635622034,-0.1917301271244068,-0.09586506356220341
2015-09-16 19:50:00,66,0.0027445417893536,0,-0.098051081450819,-0.1961021629016381,-0.09805108145081906
2015-09-16 20:00:00,63,0.0049131153365573,0,-0.0999155847573683,-0.1998311695147367,-0.09991558475736836
2015-09-16 20:05:00,67,0.000492930048806,0,-0.101501036745009,-0.2030020734900181,-0.10150103674500907
2015-09-16 20:10:00,62,0.006369917418343,0,-0.1028457223385171,-0.2056914446770343,-0.10284572233851715
2015-09-16 20:15:00,61,0.0002892113704243,0,-0.1039837069048397,-0.2079674138096795,-0.10398370690483977
2015-09-16 20:20:00,62,0.0011948323371046,0,-0.1049449786197943,-0.2098899572395887,-0.10494497861979436
2015-09-16 20:25:00,65,0.000194761364405,0,-0.1057557066006469,-0.2115114132012938,-0.1057557066006469
2015-09-16 20:30:00,63,0.0019017565019061,0,-0.1064385638365199,-0.2128771276730398,-0.1064385638365199
2015-09-16 20:35:00,61,5.44935740210457e-05,0,-0.1070130782723762,-0.2140261565447525,-0.10701307827237624
2015-09-16 20:40:00,59,0.0011039856364238,0,-0.1074959868995426,-0.2149919737990852,-0.10749598689954264
2015-09-16 20:45:00,56,0.0040434705508615,0,-0.1079015765300936,-0.2158031530601872,-0.1079015765300936
2015-09-16 20:50:00,65,0.0121690466918381,0,-0.1082420014507156,-0.2164840029014312,-0.1082420014507156
2015-09-16 20:55:00,63,0.0021443326104923,0,-0.1085275727966573,-0.2170551455933146,-0.10852757279665734
2015-09-16 21:00:00,67,6.93970810340485e-05,0,-0.1087670176754879,-0.2175340353509758,-0.1087670176754879
2015-09-16 21:05:00,63,0.0061166938891517,0,-0.1089677081675022,-0.2179354163350045,-0.10896770816750229
2015-09-16 21:10:00,57,0.001,0,-0.1091358616325579,-0.2182717232651159,-0.10913586163255799
2015-09-16 21:15:00,58,0.0099329519641819,0,-0.1092767144950945,-0.218553428990189,-0.10927671449509452
2015-09-16 21:25:00,68,0.0056793551345759,0,-0.1093946720365954,-0.2187893440731909,-0.10939467203659546
2015-09-16 21:40:00,62,0.0091670718729985,0,-0.1094934368277228,-0.2189868736554457,-0.10949343682772289
2015-09-16 21:45:00,64,0.0001435008291131,0,-0.1095761183740679,-0.2191522367481359,-0.10957611837406796
2015-09-16 21:55:00,66,0.0003424143415243,0,-0.1096453263953242,-0.2192906527906484,-0.10964532639532422
2015-09-16 22:05:00,65,0.0020382548907865,0,-0.1097032499524269,-0.2194064999048539,-0.10970324995242696
2015-09-16 22:14:00,57,0.000471134501806,0,-0.1097517244105547,-0.2195034488211095,-0.10975172441055475
2015-09-16 22:20:00,61,0.0133182786008638,0,-0.1097922879969376,-0.2195845759938753,-0.10979228799693766
2015-09-16 22:25:00,58,0.0015148609937333,0,-0.1098262294928179,-0.2196524589856359,-0.10982622949281798
2015-09-16 22:30:00,62,0.0071007813656441,0,-0.1098546283952466,-0.2197092567904933,-0.10985462839524666
2015-09-16 22:40:00,61,0.0001537847800335,0,-0.1098783886998768,-0.2197567773997536,-0.1098783886998768
2015-09-16 22:45:00,63,0.0008159112127998,0,-0.1098982672915445,-0.2197965345830891,-0.10989826729154455
2015-09-16 22:55:00,59,5.018597074410512e-05,0,-0.1099148977848586,-0.2198297955697173,-0.10991489778485865
2015-09-16 23:10:00,64,0.0037688457475887,0,-0.1099288105311008,-0.2198576210622016,-0.10992881053110082
2015-09-16 23:35:00,64,0.0007352344747826,0,-0.1099404493988959,-0.2198808987977919,-0.10994044939889597
2015-09-16 23:55:00,59,0.0005198394089776,0,-0.1099501858425959,-0.2199003716851919,-0.10995018584259597
2015-09-17 00:10:00,66,0.0039318404139699,0,-0.1099583306923584,-0.2199166613847169,-0.10995833069235847
2015-09-17 00:45:00,63,0.0033800402023233,0,-0.1099651440317974,-0.2199302880635948,-0.10996514403179744
2015-09-17 01:05:00,57,0.001,0,-0.1099708434712574,-0.2199416869425148,-0.10997084347125743
2015-09-17 01:40:00,56,0.009337461550222,0,-0.109975611075793,-0.219951222151586,-0.10997561107579303
2015-09-17 01:55:00,53,0.0111585245307898,0,-0.1099795991655534,-0.2199591983311069,-0.10997959916555348
2015-09-17 02:10:00,66,0.0222488400662226,0,-0.1099829351713611,-0.2199658703427222,-0.10998293517136111
2015-09-17 02:50:00,61,0.0063068708990107,0,-0.1099857256988634,-0.2199714513977268,-0.10998572569886343
2015-09-17 03:20:00,56,6.482883197191895e-05,0,-0.109988059929895,-0.21997611985979,-0.10998805992989501
2015-09-17 04:35:00,58,0.008744157571777,0,-0.1099900124688854,-0.2199800249377709,-0.10999001246888546
2015-09-17 04:55:00,62,0.0029111258516217,0,-0.1099916457246811,-0.2199832914493622,-0.10999164572468113
2015-09-17 05:10:00,64,0.0002560053182468,0,-0.1099930119034856,-0.2199860238069713,-0.10999301190348569
2015-09-17 05:15:00,65,0.0019478471732755,0,-0.1099941546763259,-0.2199883093526519,-0.10999415467632598
2015-09-17 05:30:00,73,0.003142072340878,0,-0.1099951105741371,-0.2199902211482742,-0.10999511057413713
2015-09-17 05:35:00,63,0.0294305815981398,0,-0.1099959101549179,-0.2199918203098358,-0.1099959101549179
2015-09-17 05:40:00,63,5.269060756358897e-05,0,-0.109996578980166,-0.219993157960332,-0.10999657898016602
2015-09-17 05:45:00,66,9.336172741892578e-05,0,-0.1099971384317373,-0.2199942768634747,-0.10999713843173738
2015-09-17 05:50:00,62,0.0011244659596286,0,-0.1099976063951939,-0.2199952127903878,-0.10999760639519393
2015-09-17 05:55:00,72,0.0017745163272059,0,-0.1099979978314515,-0.2199959956629031,-0.10999799783145155
2015-09-17 06:15:00,56,0.0124216621849894,0,-0.1099983252549795,-0.219996650509959,-0.10999832525497952
2015-09-17 06:20:00,52,0.0273615057406917,0,-0.1099985991338226,-0.2199971982676452,-0.1099985991338226
2015-09-17 06:25:00,61,0.048265932125112,0,-0.1099988282242231,-0.2199976564484462,-0.1099988282242231
2015-09-17 06:30:00,51,0.0029294437288416,0,-0.1099990198505327,-0.2199980397010654,-0.10999901985053273
2015-09-17 06:40:00,64,0.045130475648326,0,-0.1099991801393574,-0.2199983602787149,-0.10999918013935749
2015-09-17 06:55:00,60,0.0003564388577455,0,-0.1099993142154176,-0.2199986284308352,-0.10999931421541763
2015-09-17 07:00:00,59,0.0024601195716457,0,-0.1099994263653819,-0.2199988527307638,-0.10999942636538193
2015-09-17 07:05:00,38,0.0038504036977317,0,-0.1099995201749119,-0.2199990403498239,-0.10999952017491196
2015-09-17 07:10:00,53,0.1728477117462792,0,-0.1099995986432969,-0.2199991972865939,-0.10999959864329696
2015-09-17 07:15:00,56,0.0182551915415585,0,-0.1099996642793432,-0.2199993285586864,-0.10999966427934324
2015-09-17 07:25:00,53,0.0053535945990011,0,-0.1099997191815833,-0.2199994383631666,-0.10999971918158333
2015-09-17 07:35:00,68,0.0152388769401244,0,-0.1099997651053685,-0.2199995302107371,-0.10999976510536859
2015-09-17 07:40:00,56,0.0204910663004104,0,-0.1099998035189905,-0.2199996070379811,-0.10999980351899055
2015-09-17 07:45:00,62,0.0050936062117861,0,-0.1099998356506245,-0.219999671301249,-0.10999983565062453
2015-09-17 07:50:00,65,0.0010093424705714,0,-0.1099998625275966,-0.2199997250551933,-0.10999986252759669
2015-09-17 07:55:00,61,0.0064838243504115,0,-0.1099998850092296,-0.2199997700184593,-0.10999988500922965
2015-09-17 08:00:00,64,4.300251162213728e-05,0,-0.1099999038143167,-0.2199998076286334,-0.10999990381431671
2015-09-17 08:05:00,60,0.0029382173128678,0,-0.1099999195441033,-0.2199998390882066,-0.1099999195441033
2015-09-17 08:10:00,58,0.0004310941437095,0,-0.10999993270151,-0.2199998654030201,-0.10999993270151008
2015-09-17 08:15:00,62,0.0035419920034373,0,-0.11,-0.22,-0.11
2015-09-17 08:20:00,67,0.0001416549571351,0,-0.11,-0.22,-0.11
2015-09-17 08:25:00,61,0.0094354365857561,0,-0.11,-0.22,-0.11
2015-09-17 08:30:00,59,8.325341327571553e-05,0,-0.11,-0.22,-0.11
2015-09-17 08:35:00,60,0.001740269777284,0,-0.11,-0.22,-0.11
2015-09-17 08:40:00,59,0.0004540192253216,0,-0.11,-0.22,-0.11
2015-09-17 08:45:00,59,0.0014738151692017,0,-0.11,-0.22,-0.11
2015-09-17 08:50:00,63,0.001641678304795,0,-0.11,-0.22,-0.11
2015-09-17 08:55:00,55,0.0006214410657292,0,-0.11,-0.22,-0.11
2015-09-17 09:00:00,54,0.0134394485713908,0,-0.11,-0.22,-0.11
2015-09-17 09:05:00,64,0.0170794143911064,0,-0.11,-0.22,-0.11
2015-09-17 09:10:00,63,0.0023532058098779,0,-0.11,-0.22,-0.11
2015-09-17 09:15:00,67,0.0006145766775123,0,-0.11,-0.22,-0.11
2015-09-17 09:20:00,62,0.0093481904243637,0,-0.11,-0.22,-0.11
2015-09-17 09:25:00,67,0.001,0,-0.11,-0.22,-0.11
2015-09-17 09:30:00,65,0.006442513062852,0,-0.11,-0.22,-0.11
2015-09-17 09:35:00,63,0.0016947019265632,0,-0.11,-0.22,-0.11
2015-09-17 09:40:00,61,0.001,0,-0.11,-0.22,-0.11
2015-09-17 09:45:00,69,0.0010442556129419,0,-0.11,-0.22,-0.11
2015-09-17 09:50:00,65,0.0117148162190856,0,-0.11,-0.22,-0.11
2015-09-17 09:55:00,63,0.0012779697131104,0,-0.11,-0.22,-0.11
2015-09-17 10:00:00,65,7.133089514818123e-05,0,-0.11,-0.22,-0.11
2015-09-17 10:05:00,71,0.000245305954951,0,-0.11,-0.22,-0.11
2015-09-17 10:10:00,66,0.0096825720891405,0,-0.11,-0.22,-0.11
2015-09-17 10:15:00,64,0.001,0,-0.11,-0.22,-0.11
2015-09-17 10:20:00,61,0.0011049914986035,0,-0.11,-0.22,-0.11
2015-09-17 10:25:00,65,0.0070911166579023,0,-0.11,-0.22,-0.11
2015-09-17 10:30:00,65,0.0003449150051358,0,-0.11,-0.22,-0.11
2015-09-17 10:35:00,62,0.0003797108006405,0,-0.11,-0.22,-0.11
2015-09-17 10:45:00,64,0.0042741897332356,0,-0.11,-0.22,-0.11
2015-09-17 10:50:00,61,0.0005035094562418,0,-0.11,-0.22,-0.11
2015-09-17 10:55:00,59,0.0039759012996728,0,-0.11,-0.22,-0.11
2015-09-17 11:00:00,64,0.0077266735730994,0,-0.11,-0.22,-0.11
2015-09-17 11:05:00,55,0.001,0,-0.11,-0.22,-0.11
2015-09-17 11:10:00,62,0.0185610348887814,0,-0.11,-0.22,-0.11
2015-09-17 11:15:00,61,0.001,0,-0.11,-0.22,-0.11
2015-09-17 11:20:00,66,0.0002650545542812,0,-0.11,-0.22,-0.11
2015-09-17 11:25:00,61,0.0051983246414553,0,-0.11,-0.22,-0.11
2015-09-17 11:30:00,69,0.0003068193915856,0,-0.11,-0.22,-0.11
2015-09-17 11:35:00,66,0.0130139162768895,0,-0.11,-0.22,-0.11
2015-09-17 11:40:00,68,0.0032676317003283,0,-0.11,-0.22,-0.11
2015-09-17 11:45:00,69,0.0061390727200219,0,-0.11,-0.22,-0.11
2015-09-17 11:50:00,66,0.0059652308413115,0,-0.11,-0.22,-0.11
2015-09-17 11:55:00,66,0.0002459944300414,0,-0.11,-0.22,-0.11
2015-09-17 12:00:00,64,4.398369555603022e-05,0,-0.11,-0.22,-0.11
2015-09-17 12:05:00,63,0.000809496703203,0,-0.11,-0.22,-0.11
2015-09-17 12:10:00,68,0.0023053517362298,0,-0.11,-0.22,-0.11
2015-09-17 12:20:00,62,0.0010417094127843,0,-0.11,-0.22,-0.11
2015-09-17 12:25:00,66,0.00454429945347,0,-0.11,-0.22,-0.11
2015-09-17 12:30:00,71,0.001,0,-0.11,-0.22,-0.11
2015-09-17 12:35:00,67,0.0042223517618186,0,-0.11,-0.22,-0.11
2015-09-17 12:40:00,66,6.115395051722072e-05,0,-0.11,-0.22,-0.11
2015-09-17 12:45:00,62,0.0006294499585819,0,-0.11,-0.22,-0.11
2015-09-17 12:50:00,62,0.0083415643269143,0,-0.11,-0.22,-0.11
2015-09-17 12:55:00,62,0.0072800150647821,0,-0.11,-0.22,-0.11
2015-09-17 13:00:00,59,0.0045723782736753,0,-0.11,-0.22,-0.11
2015-09-17 13:05:00,56,0.0099820216403548,0,-0.11,-0.22,-0.11
2015-09-17 13:10:00,41,0.0169907588105378,0,-0.11,-0.22,-0.11
2015-09-17 13:15:00,63,0.1397016990176854,0,-0.11,-0.22,-0.11
2015-09-17 13:20:00,46,0.0008565736101579,0,-0.11,-0.22,-0.11
2015-09-17 13:25:00,47,0.0692666722383143,0,-0.11,-0.22,-0.11
2015-09-17 13:30:00,63,0.0556313777310224,0,-0.11,-0.22,-0.11
2015-09-17 13:35:00,50,0.0030362595564317,0,-0.11,-0.22,-0.11
2015-09-17 13:40:00,46,0.0311165940590865,0,-0.11,-0.22,-0.11
2015-09-17 13:45:00,33,0.059892512441934,0,-0.11,-0.22,-0.11
2015-09-17 13:50:00,23,0.2245579570157766,0,-0.11,-0.22,-0.11
2015-09-17 13:55:00,26,0.4246786293509683,0,-0.11,-0.22,-0.11
2015-09-17 14:00:00,19,0.3492594370366147,0,-0.11,-0.22,-0.11
2015-09-17 14:05:00,27,0.5098021244225852,0,-0.11,-0.22,-0.11
